Location;2012;2013;2014;2015;2016;2017;2018;2019;2020;2021;2022;prelim 2023;change;change.1;Growth PA
ABBOTSFORD;714000;792500;862500;925000;1187500;1280000;1192500;1050000;1200000;1365000;1341500;1409000.0;-2.0;88.0;6.5
ABERFELDIE;852500;947500;1045000;1207500;1300000;1471000;1498500;1390000;1520000;1858000;1860000;N/A;0.0;118.0;8.1
AINTREE;N/A;N/A;N/A;600000;600000;571000;557500;575000;630000;719000;760000;710000.0;6.0;N/A;N/A
AIREYS INLET;634000;664000;625500;680000;715000;737500;869000;985000;1132500;1775000;1725000;1570000.0;-3.0;172.0;10.5
AIRPORT WEST;495000;532000;575000;635000;742000;845000;845000;795000;812500;965000;926500;795000.0;-4.0;87.0;6.5
ALBANVALE;310000;313000;328000;345000;439000;526500;546000;512000;545000;610000;600000;610000.0;-2.0;94.0;6.8
ALBERT PARK;1270000;1360000;1503000;1700000;1775000;2150000;2070000;1990000;1895000;2355000;2475000;2097000.0;5.0;95.0;6.9
ALBION;379500;379000;432000;481000;593000;730000;755000;675000;727500;832500;830000;670000.0;0.0;119.0;8.1
ALEXANDRA;239000;261000;247500;285000;275000;291500;335000;325000;380000;440000;550000;420000.0;25.0;130.0;8.7
ALFREDTON;340000;361500;362000;340500;375000;412500;439000;480000;512000;605000;650000;630000.0;7.0;91.0;6.7
ALLANSFORD;257500;310000;242500;259000;275000;280000;245000;300000;371000;445000;573500;600000.0;29.0;123.0;8.3
ALPHINGTON;1000000;1080000;1029000;1296500;1272500;1560000;1612500;1455000;1865000;2280000;2195000;2185000.0;-4.0;120.0;8.2
ALTON/A;570000;572500;646500;718000;829000;950000;932500;890000;914000;1160000;1175000;1175000.0;1.0;106.0;7.5
ALTON/A EAST;550000;561000;603000;650000;795000;885000;902000;855000;870000;980000;1080000;867500.0;10.0;96.0;7.0
ALTON/A MEADOWS;375000;390000;413000;440000;495000;625000;631500;615000;640000;720000;740000;661500.0;3.0;97.0;7.0
ALTON/A NORTH;484000;510000;555000;645000;726000;828000;830000;790000;832500;960000;957500;880000.0;0.0;98.0;7.1
ANGLESEA;587500;550000;612500;635000;652500;788000;870000;915000;1100000;1440000;1717500;1456500.0;19.0;192.0;11.3
APOLLO BAY;432500;450000;457500;435000;480000;545000;555000;600000;710000;929000;1000000;1000000.0;8.0;131.0;8.7
ARARAT;165000;180000;200000;210000;204500;199000;199000;215000;244000;313000;381000;302500.0;22.0;131.0;8.7
ARDEER;342500;330000;360000;381500;517500;595000;629000;572000;615000;719000;682000;592500.0;-5.0;99.0;7.1
ARMADALE;1500000;1675000;1750000;2172500;2364000;2300000;2341500;2490000;2625000;2700000;2714500;2080000.0;1.0;81.0;6.1
ARMSTRONG CREEK;362500;467500;441500;440000;450000;471000;535000;529500;545500;660000;720000;675000.0;9.0;99.0;7.1
ASCOT (GREATER BENDIGO);350000;349500;344500;349000;370000;358000;380000;415500;470000;562500;595000;652500.0;6.0;70.0;5.4
ASCOT VALE;701500;735000;810000;885000;1010000;1185000;1197500;1098500;1250000;1300000;1315000;1349000.0;1.0;87.0;6.5
ASHBURTON;870000;1000000;1200000;1435000;1567500;1812500;1712500;1641500;1600000;2000000;2005000;1715000.0;0.0;130.0;8.7
ASHWOOD;681000;775000;888000;1140000;1230000;1359000;1210000;1100000;1250500;1450000;1585000;1310000.0;9.0;133.0;8.8
ASPENDALE;610000;620000;690000;795500;891000;1125000;980000;994000;1120000;1321500;1420000;1257500.0;7.0;133.0;8.8
ASPENDALE GARDENS;552000;586500;632000;715000;775000;882500;935000;844000;970000;1130500;1150000;985000.0;2.0;108.0;7.6
ATTWOOD;500000;540000;515000;620000;660000;742500;750000;767500;750000;970000;990500;1200000.0;2.0;98.0;7.1
AVENEL;230500;231000;302000;245000;250000;355000;349000;370000;450000;455000;497500;510000.0;9.0;116.0;8.0
AVOCA;181500;182500;180000;182500;165000;212500;220000;219500;290000;325000;375000;330000.0;15.0;107.0;7.5
AVONDALE HEIGHTS;536000;532500;560000;650000;750000;845500;830000;810000;842500;965500;990000;857000.0;3.0;85.0;6.3
AVONSLEIGH;345000;420000;355000;397500;501000;562000;540000;532500;615000;752500;837500;645000.0;11.0;143.0;9.3
AXEDALE;302500;240000;357500;327500;340000;350000;355000;387500;390000;505000;520000;N/A;3.0;72.0;5.6
BACCHUS MARSH;325000;335500;348000;355000;376000;415500;480000;500000;520000;597000;665000;657500.0;11.0;105.0;7.4
BADGER CREEK;295000;315000;325000;345000;379000;465000;500000;498000;550000;665000;715000;610000.0;8.0;142.0;9.3
BAIRNSDALE;231000;235000;244000;246500;255000;272500;279000;274000;290000;350000;440000;432500.0;26.0;90.0;6.7
BALACLAVA;717500;860500;942000;1100000;1242500;1385500;1190000;1405000;1418000;1550000;1527000;1342500.0;-2.0;113.0;7.8
BALCOMBE;686000;710000;737000;871000;950000;1100000;1240000;1125000;1300000;1750000;1852500;1865000.0;6.0;170.0;10.4
BALLAN;305000;352000;330000;359000;370000;417000;462000;450000;505000;603500;640000;652000.0;6.0;110.0;7.7
BALLARAT CENTRAL;313500;322000;327500;353000;385000;430000;447500;515000;560000;710000;680000;602500.0;-4.0;117.0;8.1
BALLARAT EAST;255000;265000;265000;275000;295000;310000;340000;360000;398000;490000;530000;495000.0;8.0;108.0;7.6
BALLARAT NORTH;280000;296000;312000;315000;339500;346500;389000;417500;425000;566500;627500;732500.0;11.0;124.0;8.4
BALN/ARRING;501500;525000;544000;595000;670000;815000;814500;825000;938500;1275000;1327500;1202500.0;4.0;165.0;10.2
BALN/ARRING BEACH;660000;750000;700000;887500;904000;890000;1115000;1275000;1250000;1635000;1885000;1900000.0;15.0;186.0;11.1
BALWYN;1295000;1530000;1780000;2210000;2180000;2340000;2420000;2377500;2260000;2750000;2850500;3100000.0;4.0;120.0;8.2
BALWYN NORTH;997500;1240000;1452000;1850000;1800000;1950000;1810000;1720000;1900000;2252500;2230000;2220000.0;-1.0;124.0;8.4
BANDIAN/A;345500;339000;355000;377500;370000;375000;390000;374000;380000;447000;599500;660000.0;34.0;74.0;5.7
BANNOCKBURN;351500;370000;405000;393000;382000;430000;487500;530000;555000;680000;729500;702500.0;7.0;108.0;7.6
BARANDUDA;340000;345000;330000;323000;350000;350000;403500;395000;436000;487000;645500;535000.0;33.0;90.0;6.6
BARN/AWARTHA;222000;245000;220000;305000;245000;312000;280000;316000;345000;358500;469000;468500.0;31.0;111.0;7.8
BARWON HEADS;632500;742500;715000;775000;842500;916000;965000;1023000;1280000;1590000;1800000;1350000.0;13.0;185.0;11.0
BAXTER;315000;330500;325000;340000;403000;530000;542500;530000;567500;710000;717500;695000.0;1.0;128.0;8.6
BAYSWATER;426500;458500;525000;632500;693000;800500;753000;720000;745500;870000;902000;873500.0;4.0;112.0;7.8
BAYSWATER NORTH;427500;468500;490000;580000;628000;737500;713000;695000;731000;855500;869500;831000.0;2.0;103.0;7.4
BEACONSFIELD;511500;486500;525000;559000;585000;694500;730000;685000;711000;892000;940000;830000.0;5.0;84.0;6.3
BEACONSFIELD UPPER;535000;470000;507500;602500;630000;725500;903500;787500;818000;900000;1205000;1180000.0;34.0;125.0;8.5
BEAUFORT;186000;186000;220000;205000;237500;220000;225000;242500;325000;390000;415000;465000.0;6.0;123.0;8.4
BEAUMARIS;997000;1074000;1129500;1345000;1455000;1611000;1674000;1587500;1725000;2100000;2070000;1865000.0;-1.0;108.0;7.6
BEEAC;216000;157500;162500;158000;148000;200500;191500;180000;265000;345500;537500;553000.0;56.0;149.0;9.5
BEECHWORTH;304500;295000;295000;332000;345000;399000;400000;478500;487500;645000;703000;718000.0;9.0;131.0;8.7
BELGRAVE;390000;410000;426000;482500;545000;620000;676000;636000;680000;784000;850000;770000.0;8.0;118.0;8.1
BELGRAVE HEIGHTS;399000;430000;480000;590500;624000;687500;701500;685000;737500;902500;1055500;N/A;17.0;165.0;10.2
BELGRAVE SOUTH;447500;548000;541000;555500;565000;689000;782500;665500;845000;1085000;919000;1300000.0;-15.0;105.0;7.5
BELL PARK;290500;314000;323500;340000;360000;400000;452500;482000;500000;620500;640000;595000.0;3.0;120.0;8.2
BELL POST HILL;328000;328000;333500;344500;355000;435000;487000;475000;507000;657500;678000;592500.0;3.0;107.0;7.5
BELLFIELD (BANYULE);510000;516000;582500;700000;778000;897000;882500;790000;780000;992500;937500;1000000.0;-6.0;84.0;6.3
BELMONT;350000;360000;362000;395000;430000;500000;545000;545000;605000;730000;740000;650000.0;1.0;111.0;7.8
BEN/ALLA;216500;228000;235500;222500;231500;250000;284000;290000;302000;394000;432000;432500.0;10.0;100.0;7.2
BENDIGO;335000;340000;376500;372000;400000;400000;400000;420000;500000;600000;681500;540000.0;14.0;103.0;7.4
BENTLEIGH;820000;900000;1050000;1245000;1380000;1470000;1394000;1376000;1510000;1748500;1726500;1885000.0;-1.0;111.0;7.7
BENTLEIGH EAST;680000;750000;850000;1000500;1115000;1256000;1205000;1200000;1255000;1480000;1500000;1305000.0;1.0;121.0;8.2
BERWICK;451000;453000;487500;535000;583000;670000;690500;671000;700000;820000;885000;850000.0;8.0;96.0;7.0
BEVERIDGE;412500;396000;351500;400000;430000;495000;540000;585000;536000;636500;663000;640000.0;4.0;61.0;4.9
BIRCHIP;87500;120000;90000;121500;55000;100000;100000;108500;121500;130000;170000;236000.0;31.0;94.0;6.9
BIRREGURRA;260000;255000;337500;302500;345000;382500;412500;463000;489500;692500;700000;860000.0;1.0;169.0;10.4
BITTERN;382500;402000;390000;382500;464000;526500;650000;577500;630000;750000;832500;765000.0;11.0;118.0;8.1
BLACK HILL;265000;283500;321500;300000;315000;370000;405000;492500;491000;550000;642500;650000.0;17.0;142.0;9.3
BLACK ROCK;1175000;1225000;1400000;1545000;1745000;2017500;2029000;1793000;1920000;2605000;2557500;2237500.0;-2.0;118.0;8.1
BLACKBURN;750000;860500;936000;1200500;1241000;1410000;1370500;1305000;1405000;1640500;1551000;1481000.0;-5.0;107.0;7.5
BLACKBURN NORTH;609000;692000;790000;921500;1040000;1140500;1038000;1017500;1090000;1300000;1230000;1340000.0;-5.0;102.0;7.3
BLACKBURN SOUTH;632000;697500;780000;920500;1050000;1200000;1063500;1034000;1100500;1338500;1295000;1285000.0;-3.0;105.0;7.4
BLACKWOOD;245000;310000;266000;260000;291000;403000;326500;372500;477500;605000;599000;705000.0;-1.0;144.0;9.4
BLAIRGOWRIE;580000;609000;627500;621500;770000;883000;990500;921500;1143500;1562500;1725000;1825000.0;10.0;197.0;11.5
BLIND BIGHT;319000;362500;343000;401000;440000;514000;546000;552500;570000;668500;705000;831000.0;5.0;121.0;8.3
BONBEACH;535000;580000;635000;700000;778000;882500;910000;855000;930000;1115000;1180000;995000.0;6.0;121.0;8.2
BONNIE BROOK;N/A;N/A;N/A;N/A;N/A;N/A;N/A;N/A;315000;492500;650000;645000.0;32.0;N/A;N/A
BONNIE DOON;262500;250000;275000;290000;290000;315000;417500;410000;372500;565000;670000;850000.0;19.0;155.0;9.8
BONSHAW;N/A;N/A;309000;309000;322500;235000;400000;379000;435000;525000;560000;585500.0;7.0;N/A;N/A
BOOLARRA;190000;196500;260000;212500;202500;255000;250000;247500;255000;355000;362500;420000.0;2.0;91.0;6.7
BOORT;107000;157500;162500;130000;200500;215000;180000;185000;165000;240000;225000;310000.0;-6.0;110.0;7.7
BORONIA;430000;459500;500500;592500;648500;735000;742500;680000;715000;845000;832500;782500.0;-1.0;94.0;6.8
BOTANIC RIDGE;500000;492000;519000;565000;600000;690000;730000;700000;726000;847000;930000;860000.0;10.0;86.0;6.4
BOX HILL;852000;855000;1067000;1350000;1360500;1752500;1700500;1545000;1512500;1630500;1713500;1455500.0;5.0;101.0;7.2
BOX HILL NORTH;648500;746000;856500;1060000;1146000;1321000;1188000;1200000;1191500;1321000;1325000;1100000.0;0.0;104.0;7.4
BOX HILL SOUTH;715000;785000;910000;1153000;1255000;1409000;1285500;1177500;1252500;1559000;1439000;1280000.0;-8.0;101.0;7.2
BRAYBROOK;396000;424000;479500;550000;629000;665000;728500;646500;670000;743500;795000;688500.0;7.0;101.0;7.2
BREAKWATER;242500;255000;251500;267500;277500;335000;385000;405000;410000;534500;580000;575000.0;9.0;139.0;9.1
BRIAGOLONG;215000;226000;200000;215000;265000;257000;264000;315000;277500;400000;415000;N/A;4.0;93.0;6.8
BRIAR HILL;540000;572500;633000;680000;721500;833000;880000;823500;863000;1015000;979000;900000.0;-4.0;81.0;6.1
BRIDGEWATER ON LODDON;175000;180000;190000;245000;269000;276000;288000;265000;290000;360000;326500;262000.0;-9.0;87.0;6.4
BRIGHT;340000;325000;339500;392500;429500;495000;590000;580000;700000;911500;1210000;1108000.0;33.0;256.0;13.5
BRIGHTON;1789500;1802500;1940000;2302500;2740000;3050000;2888000;2675000;3148500;3522500;3450000;3195000.0;-2.0;93.0;6.8
BRIGHTON EAST;1075000;1230000;1300000;1600000;1750000;1900000;1880000;1700000;1950000;2257500;2312500;2425000.0;2.0;115.0;8.0
BROADFORD;268500;291000;267000;270000;287500;330000;396500;415000;454000;505000;570000;550000.0;13.0;112.0;7.8
BROADMEADOWS;320000;325000;345000;370000;416500;546000;575000;528000;552500;599500;603500;520000.0;1.0;89.0;6.5
BROOKFIELD;332000;330000;350500;340000;360000;425000;491500;445000;500000;537500;570000;570000.0;6.0;72.0;5.6
BROOKLYN;470000;491500;540000;602000;700500;834000;695000;672500;700000;860000;811500;945000.0;-6.0;73.0;5.6
BROWN HILL;300000;310000;281500;270000;338000;350000;405000;449000;487500;600000;601000;600000.0;0.0;100.0;7.2
BRUNSWICK;673000;750000;815000;860500;946000;1200000;1100000;1037500;1100000;1350000;1325000;1300000.0;-2.0;97.0;7.0
BRUNSWICK EAST;713000;767000;819500;888000;998000;1150000;1170000;1011500;1286500;1440000;1355000;1201000.0;-6.0;90.0;6.6
BRUNSWICK WEST;685000;745000;790000;866500;1005000;1155000;1160000;1061000;1177500;1342500;1285500;1225000.0;-4.0;88.0;6.5
BRUTHEN;175000;198000;182500;205000;207000;229500;261000;229000;345000;285000;455000;520000.0;60.0;160.0;10.0
BULLEEN;707000;780000;861000;1095000;1170000;1300000;1230000;1105000;1177000;1360000;1395000;1302000.0;3.0;97.0;7.0
BUNDALONG;385000;337500;336500;372500;425000;373000;462000;515000;725000;674500;2519000;1020000.0;273.0;554.0;20.7
BUNDOORA;485000;530000;553500;600500;652000;753000;730000;735000;745000;865000;853000;850000.0;-1.0;76.0;5.8
BUNINYONG;376500;348000;385000;364500;381000;470000;467500;475000;587500;666000;770000;540000.0;16.0;105.0;7.4
BUNYIP;342500;332500;325000;420000;357500;437500;550000;500500;541500;652500;750000;900000.0;15.0;119.0;8.2
BURNLEY;797500;836000;1100000;999000;1215000;1405000;1277500;1188500;1497500;1595000;1565000;1748000.0;-2.0;96.0;7.0
BURNSIDE;385000;390000;401000;415000;518500;572500;605000;605000;660000;720000;780000;811500.0;8.0;103.0;7.3
BURNSIDE HEIGHTS;420000;427000;442500;460000;522000;590000;633000;591000;652500;701000;749000;740000.0;7.0;78.0;6.0
BURWOOD;765000;780000;921000;1190000;1219000;1357000;1320000;1170000;1275000;1430500;1381000;1370000.0;-3.0;81.0;6.1
BURWOOD EAST;617000;685500;782000;982500;1021000;1126500;1005000;1106000;1101000;1252000;1257500;1183000.0;0.0;104.0;7.4
CAIRNLEA;440000;480000;545000;540000;608500;710000;734000;752500;807500;850000;941500;900000.0;11.0;114.0;7.9
CALIFORNIA GULLY;255000;252500;262000;255000;255000;250000;275000;287000;318000;415000;463000;418500.0;12.0;82.0;6.1
CAMBERWELL;1300000;1382000;1655000;1912500;2090000;2300000;2155000;2070000;2072500;2567000;2650000;2250000.0;3.0;104.0;7.4
CAMPBELLFIELD;330000;330000;338000;374500;420000;507000;550000;533000;537500;602500;605000;593000.0;0.0;83.0;6.2
CAMPBELLS CREEK;343500;382000;345000;387500;426500;380000;460500;500000;522500;652500;715000;750000.0;10.0;108.0;7.6
CAMPERDOWN;183500;220000;186000;218000;217500;240000;235000;280000;295000;362500;408000;434000.0;13.0;122.0;8.3
CAN/ADIAN;290500;322500;297000;345000;339000;334500;373000;375000;422500;490000;580000;542500.0;18.0;100.0;7.2
CANTERBURY;1790000;1950000;2100000;2523000;2620000;3140000;2533000;2902500;2705000;3388000;3490000;2440000.0;3.0;95.0;6.9
CAPE PATERSON;348000;337000;332000;350000;358000;407500;442000;540000;635500;782500;900000;895000.0;15.0;159.0;10.0
CAPE SCHANCK;655000;620000;557500;660000;667500;972500;845000;940000;1095500;1365000;1230000;2225000.0;-10.0;88.0;6.5
CAPEL SOUND;330000;350000;366000;390000;442500;542500;550000;520000;582500;775000;812500;742500.0;5.0;146.0;9.4
CARDIGAN;N/A;177500;216500;225000;225000;242500;622500;863500;727500;1090000;1150000;N/A;6.0;0.0;N/A
CARISBROOK;192500;218500;238500;200000;200000;245000;232500;300000;301500;364000;485000;290000.0;33.0;152.0;9.7
CARLTON;870000;1002500;1020000;830000;1050000;1470000;1625000;1308000;1452500;1492500;1500000;1610000.0;1.0;72.0;5.6
CARLTON NORTH;940000;890500;1095000;1177500;1360000;1628000;1445000;1555000;1500000;1718500;1645000;1595000.0;-4.0;75.0;5.8
CARNEGIE;845000;865000;1007500;1300000;1348500;1510000;1445000;1313500;1420000;1776000;1683500;1480000.0;-5.0;99.0;7.1
CAROLINE SPRINGS;427500;435000;460000;480000;530000;611000;620000;620000;650000;720000;749000;670000.0;4.0;75.0;5.8
CARRUM;499000;510000;536000;611000;750000;835500;860000;770000;830500;967000;992500;960000.0;3.0;99.0;7.1
CARRUM DOWNS;334000;330000;346000;370000;430000;525000;575000;537000;575000;668000;715000;680000.0;7.0;114.0;7.9
CASTERTON;110000;97500;99000;100000;126500;142000;132500;150000;161500;200000;300000;327500.0;50.0;173.0;10.6
CASTLEMAINE;338000;372500;369500;380000;410000;435000;499000;520000;556500;680500;727500;765000.0;7.0;115.0;8.0
CAULFIELD;1085000;1172500;1322000;1650000;1715000;1885000;1701000;1762500;1818500;2060000;2079000;N/A;1.0;92.0;6.7
CAULFIELD NORTH;1330000;1415000;1480000;1875000;2181000;2285000;1960000;2112000;2350000;2695000;2645000;1975000.0;-2.0;99.0;7.1
CAULFIELD SOUTH;890000;1050000;1200000;1375000;1517500;1690000;1600000;1494500;1747500;1950000;1845000;1800000.0;-5.0;107.0;7.6
CHADSTONE;595000;719000;823500;925000;1017500;1131000;1050000;958000;1095000;1255000;1172500;1362000.0;-7.0;97.0;7.0
CHARLEMONT;N/A;N/A;N/A;N/A;N/A;157000;455000;465000;530000;628000;650000;619500.0;4.0;N/A;N/A
CHARLTON;123000;120000;131000;179500;160000;136000;150000;147000;149500;195000;300000;320000.0;54.0;144.0;9.3
CHELSEA;545000;577500;580000;730000;890000;914000;905000;856500;980000;1167500;1135000;1082500.0;-3.0;108.0;7.6
CHELSEA HEIGHTS;440000;465000;513000;598000;641000;750000;778000;750000;805000;977500;935000;877500.0;-4.0;113.0;7.8
CHELTENHAM;635500;695000;775000;867000;940500;1171000;1105000;1035000;1130000;1306000;1359500;1372500.0;4.0;114.0;7.9
CHELTENHAM EAST;545000;600000;670000;770000;867500;982500;940000;940000;1010500;1190000;1157500;1173000.0;-3.0;112.0;7.8
CHELTENHAM NORTH;570000;584000;662000;745000;900000;1025000;925000;913000;922500;1057500;1050000;1488000.0;-1.0;84.0;6.3
CHEWTON;230500;312500;296000;369000;403500;320000;435000;439500;562500;672500;782500;N/A;16.0;239.0;13.0
CHILTERN;208000;171500;187500;220000;250000;240000;260000;223500;321000;330000;397500;469000.0;20.0;91.0;6.7
CHIRNSIDE PARK;435500;450000;490500;542500;627000;735000;700000;680500;750000;900000;920000;852500.0;2.0;111.0;7.8
CHURCHILL;176500;182000;178500;172500;182000;175000;180000;185000;226000;305000;360000;340000.0;18.0;104.0;7.4
CLARINDA;475500;525000;606500;682500;751000;866000;802500;820000;851500;1024500;1090000;929000.0;6.0;129.0;8.6
CLAYTON;572500;645000;750000;976000;1010500;1250000;1255000;1158000;1055000;1202500;1111000;1230000.0;-8.0;94.0;6.9
CLAYTON NORTH;649000;630000;850000;1100000;1100000;1234500;1330000;1377500;1330000;1300000;1322500;1306000.0;2.0;104.0;7.4
CLAYTON SOUTH;467500;522500;580000;690000;755000;850000;850000;832000;830000;982500;993000;942000.0;1.0;112.0;7.8
CLIFTON HILL;801500;867000;965000;1085000;1220000;1390000;1364500;1348000;1375000;1750000;1720000;1603000.0;-2.0;115.0;7.9
CLIFTON SPRINGS;325000;336000;344000;345000;365000;420000;472000;485000;520000;665000;710000;675000.0;7.0;118.0;8.1
CLUNES;196500;219000;237500;245000;255000;263000;354000;320000;360000;450000;500000;475000.0;11.0;154.0;9.8
CLYDE;272500;397000;406000;397000;435000;430000;505000;542500;575000;636000;698000;690000.0;10.0;156.0;9.9
CLYDE NORTH;395000;409000;380000;410000;491000;550000;595000;570000;605000;670000;740000;700500.0;10.0;87.0;6.5
COBBLEBANK;400000;335500;323000;318000;328000;374000;460000;480000;510000;565000;645000;590000.0;14.0;61.0;4.9
COBDEN;186500;162500;145000;178500;177000;263000;225000;237000;272000;349000;386000;360000.0;11.0;107.0;7.5
COBRAM;221500;218000;230000;236000;265000;255000;255000;272500;300000;370000;417000;430000.0;13.0;88.0;6.5
COBURG;594000;633000;710000;778000;876000;1000000;966500;935500;1085000;1256000;1215000;1100000.0;-3.0;105.0;7.4
COBURG EAST;466500;560000;597500;675000;765000;861000;841500;825000;975000;1102000;1060000;1112000.0;-4.0;127.0;8.6
COBURG NORTH;489500;538500;600000;665000;780000;821000;814000;805000;912500;1000000;1012500;900000.0;1.0;107.0;7.5
COCKATOO;333500;355000;365000;385500;430000;539500;591000;580000;610000;730500;770000;662500.0;5.0;131.0;8.7
COHUN/A;140000;139000;175000;175000;157500;180000;177500;204000;232500;260000;285000;338500.0;10.0;104.0;7.4
COLAC;225000;226500;235000;246500;259500;282500;320000;315000;350000;420000;500000;480000.0;19.0;122.0;8.3
COLDSTREAM;368000;385000;405000;441000;521000;597500;660000;635000;648000;767000;780000;790000.0;2.0;112.0;7.8
COLERAINE;109500;118000;95000;96000;90000;133000;114000;144000;127000;174000;282000;203500.0;62.0;158.0;9.9
COLLINGWOOD;734000;741000;775000;914000;920000;1205000;1110000;1060000;1155000;1251500;1295500;1062500.0;4.0;77.0;5.8
CONNEWARRE;810000;612500;722500;800000;892000;955000;1200000;1345000;1647500;1625000;2570000;N/A;58.0;217.0;12.2
COOLAROO;278000;290000;290000;302500;340000;451000;480000;441000;477000;500000;530000;500000.0;6.0;91.0;6.7
COON/ANS HILL;613500;655000;732000;743000;870000;963000;927000;902500;1055000;1213000;1207500;1225000.0;0.0;97.0;7.0
COONGULLA;156000;150000;205000;189000;185000;192000;242000;335000;285000;280000;377500;N/A;35.0;142.0;9.2
CORINELLA;290000;330000;270000;370000;325000;391000;450000;357500;510000;670000;777500;699000.0;16.0;168.0;10.4
CORIO;230000;230000;242000;240000;250000;305000;370000;351500;390000;457000;520000;487500.0;14.0;126.0;8.5
CORONET BAY;222500;251000;249000;240000;266000;325500;345000;370000;407500;522500;635000;575000.0;22.0;185.0;11.1
CORRYONG;152500;166500;135000;160000;164000;180000;162500;236000;226500;240000;310000;467500.0;29.0;103.0;7.4
COWES;380000;387500;357500;412500;400000;440000;541000;560000;589500;872500;875000;845000.0;0.0;130.0;8.7
COWES WEST;345000;320000;350000;329000;353500;390000;485500;508000;545000;705000;820000;785000.0;16.0;138.0;9.0
CRAIGIEBURN;350000;360000;362000;390000;425000;502500;546500;525000;560000;620000;660000;646000.0;6.0;89.0;6.6
CRANBOURNE;313000;315000;331500;360000;406000;510000;540000;500000;510000;616500;660000;633000.0;7.0;111.0;7.8
CRANBOURNE EAST;370000;390000;410000;437000;460000;535000;574500;567000;590000;666000;720000;687000.0;8.0;95.0;6.9
CRANBOURNE NORTH;370000;370000;375000;410000;455000;541000;600000;570000;587500;653500;720000;705000.0;10.0;95.0;6.9
CRANBOURNE SOUTH;N/A;N/A;455000;685000;685000;600000;425000;632500;634000;710000;820000;722500.0;15.0;N/A;N/A
CRANBOURNE WEST;320000;330000;335000;350000;410000;510500;540000;508000;526000;621500;680000;635000.0;9.0;113.0;7.8
CREMORNE;701000;821000;886500;1030000;1072000;1230000;1420000;1290000;1405000;1500000;1312500;1680000.0;-13.0;87.0;6.5
CRESWICK;245000;245000;270000;265000;292500;311500;324000;350000;387500;500000;542500;602500.0;9.0;121.0;8.3
CRIB POINT;350000;355000;339000;350000;402000;502500;555000;527500;578500;740000;785000;757500.0;6.0;124.0;8.4
CROYDON;450000;470000;525000;605000;695000;810000;792500;735000;785000;920000;900000;845500.0;-2.0;100.0;7.2
CROYDON HILLS;538000;571500;606000;697000;730000;875000;877500;835000;920000;1100000;1104000;1054500.0;0.0;105.0;7.5
CROYDON NORTH;520000;540500;600000;702500;790500;872000;840000;827500;860500;1050000;1069000;1182500.0;2.0;106.0;7.5
CROYDON SOUTH;436500;442000;530000;600000;655000;800000;757500;715500;740000;890000;864000;880000.0;-3.0;98.0;7.1
CURLEWIS;439500;385500;382500;387000;406500;430000;495000;565000;572500;646500;705000;635000.0;9.0;60.0;4.8
DALLAS;276500;280000;295000;321500;345000;430000;490000;451500;467500;526500;525000;495000.0;0.0;90.0;6.6
DALYSTON;210000;245000;260000;257000;255000;273500;305000;373000;421000;536000;580000;435000.0;8.0;176.0;10.7
DANDENONG;400000;405000;439000;485000;555500;620000;640000;601000;630000;700000;740000;670000.0;6.0;85.0;6.3
DANDENONG NORTH;370000;390000;415500;481000;551000;633500;640000;606500;640000;729000;740000;705000.0;2.0;100.0;7.2
DANYO;72000;54500;78500;60500;40000;70000;78500;40000;80000;117500;170000;86000.0;45.0;137.0;9.0
DARLEY;340500;330500;360000;377500;371500;430000;505000;520000;500000;610000;705000;640000.0;16.0;107.0;7.5
DAYLESFORD;384500;385000;401500;442500;464000;502000;552500;592500;692500;835000;910000;902500.0;9.0;137.0;9.0
DEANSIDE;N/A;N/A;N/A;N/A;N/A;340000;454000;335000;502500;580000;610000;669500.0;5.0;N/A;N/A
DEEPDENE;1875000;1981000;2215000;2750000;2600000;2862500;2692500;2858000;3150000;3250000;3001000;2232000.0;-8.0;60.0;4.8
DEER PARK;345000;348000;365000;390000;441000;552500;580000;550000;580000;630000;635000;618000.0;1.0;84.0;6.3
DELACOMBE;285000;280000;292000;290000;319000;325000;360000;390000;410000;525000;570000;493500.0;9.0;100.0;7.2
DELAHEY;360000;372500;370000;400000;458000;545000;575000;530000;575000;645000;650000;659000.0;1.0;81.0;6.1
DENNINGTON;323500;320000;315000;345000;342500;345000;355000;360000;395000;485000;616500;645000.0;27.0;90.0;6.7
DERRIMUT;410000;417000;435000;466000;530000;635000;615000;649000;658000;715000;770000;740000.0;8.0;88.0;6.5
DERRIN/ALLUM;160000;97000;174000;125000;150000;162000;122500;221500;250000;270500;357500;N/A;32.0;123.0;8.4
DIAMOND CREEK;490000;513000;550000;580000;646500;755000;782500;750500;797500;1000000;990000;970000.0;-1.0;102.0;7.3
DIGGERS REST;279000;280000;325000;325000;360000;440500;500000;515000;560000;614000;650500;670000.0;6.0;133.0;8.8
DIMBOOLA;90000;89000;90500;109500;107000;122500;130000;120000;154000;200000;249000;232500.0;25.0;177.0;10.7
DINGLEY VILLAGE;515000;553500;607000;690000;775500;887000;840500;810000;934000;1050000;1112000;931000.0;6.0;116.0;8.0
DINNER PLAIN;410000;390000;309000;359000;400000;412500;510000;520000;565000;765000;975000;1200000.0;27.0;138.0;9.0
DON/ALD;104000;140000;120000;125000;145000;122000;145000;135500;145000;170000;225000;240000.0;32.0;116.0;8.0
DONCASTER;720000;850000;999000;1176000;1297500;1366500;1320000;1270000;1280000;1500000;1500000;1320000.0;0.0;108.0;7.6
DONCASTER EAST;682000;789000;894500;1113500;1230000;1360000;1222000;1198000;1255000;1500000;1535000;1500000.0;2.0;125.0;8.5
DONNYBROOK;N/A;N/A;N/A;N/A;N/A;N/A;530000;540000;620000;604000;665000;623000.0;10.0;N/A;N/A
DONVALE;681000;735000;840000;964000;970000;1201000;1182500;1140000;1195000;1337500;1440000;1250000.0;8.0;111.0;7.8
DOREEN;450000;415000;430000;440000;470500;550000;601000;598000;625000;705000;741500;700000.0;5.0;65.0;5.1
DOVETON;290000;302000;310500;348000;405000;490000;543500;472000;500000;582500;625000;545000.0;7.0;116.0;8.0
DROMAN/A;451000;462000;492000;551000;583000;690000;786000;715000;762500;1000000;1100000;929500.0;10.0;144.0;9.3
DROUIN;290000;300000;311000;320000;347000;390000;455000;440000;469000;565000;622000;620000.0;10.0;114.0;7.9
DRUMCONDRA;744000;802500;742000;787500;777500;858500;1025500;900000;1157500;1700000;1322500;1300000.0;-22.0;78.0;5.9
DRYSDALE;360000;390000;401500;410000;409000;436500;515000;575500;585000;687500;744000;820000.0;8.0;107.0;7.5
DUNKELD;179000;210000;177500;191500;207500;210000;297500;225000;287500;588000;432500;N/A;-26.0;142.0;9.2
DUNOLLY;159000;182500;170000;167500;180000;179000;206500;234500;209500;265000;320000;267500.0;21.0;101.0;7.2
EAGLE POINT;237000;227000;267000;341500;255000;250000;290000;354000;394500;409500;580000;530000.0;42.0;145.0;9.4
EAGLEHAWK;260000;264000;274000;283000;270000;295000;315000;321500;360000;440000;507500;535000.0;15.0;95.0;6.9
EAGLEMONT;1343500;1340000;1522500;1730000;1895500;1963000;1955000;1863000;2029000;2432500;2425000;2290000.0;0.0;80.0;6.1
EAST BAIRNSDALE;190000;226000;160000;202500;212500;222000;227000;235000;320000;355000;377500;300000.0;6.0;99.0;7.1
EAST BENDIGO;295000;285000;330000;300000;303500;335000;318000;390000;389500;465000;570000;585000.0;23.0;93.0;6.8
EAST GEELONG;395000;450000;427000;440000;512500;600000;637000;632500;815000;910000;846000;775000.0;-7.0;114.0;7.9
EAST MELBOURNE;2480000;1790000;1850000;2750000;3655000;3585000;2675000;3090000;2675000;3300000;3127500;3725000.0;-5.0;26.0;2.3
EAST WARBURTON;282500;289500;275000;305000;369000;392500;428500;458000;532500;645000;620000;726000.0;-4.0;119.0;8.2
EASTWOOD;332000;335000;342000;335000;357500;380000;385000;410000;417000;535000;590000;670000.0;10.0;78.0;5.9
ECHUCA;270000;285000;285000;300000;310000;320000;365000;372500;412000;467500;555000;591500.0;19.0;106.0;7.5
EDENHOPE;106000;160000;130000;115000;144500;160000;147000;169500;143000;206500;225000;345000.0;9.0;112.0;7.8
EDITHVALE;625000;615000;670000;766000;930000;1058500;1047500;950000;1029500;1240000;1366500;1267500.0;10.0;119.0;8.1
EILDON;185000;210000;205000;208500;210000;225000;258000;251500;285000;350000;430000;450000.0;23.0;132.0;8.8
ELLIMINYT;323000;332000;313000;318000;364000;366500;385000;445000;470000;517000;675000;925000.0;31.0;109.0;7.6
ELMORE;160000;184000;176000;200000;220000;162000;227500;235000;245000;332500;405000;310000.0;22.0;153.0;9.7
ELSTERNWICK;1155000;1365000;1315000;1621000;1723500;2087500;1970000;1825000;2081000;2175000;2275000;2325000.0;5.0;97.0;7.0
ELTHAM;590500;631500;670000;750000;820000;930000;942500;928000;995000;1234500;1261500;1040000.0;2.0;114.0;7.9
ELTHAM NORTH;580500;622000;680000;758000;850500;900000;930500;930000;1050000;1237500;1237000;1046000.0;0.0;113.0;7.9
ELWOOD;1287500;1350000;1412500;1631000;1830000;1900000;2140000;1950000;2110000;2217500;2600000;2030000.0;17.0;102.0;7.3
EMERALD;410500;440000;449500;502000;545000;660500;730000;660000;732500;881000;950000;882500.0;8.0;131.0;8.8
ENDEAVOUR HILLS;390000;400000;432000;496500;550000;630500;651000;620000;672000;750000;815000;710000.0;9.0;109.0;7.6
EPPING;365000;366500;386500;400000;455000;556500;600000;546000;577000;652500;677000;639000.0;4.0;85.0;6.4
EPSOM;315000;322500;342500;340000;340000;352000;357000;371500;431000;530000;600000;546500.0;13.0;90.0;6.7
ESSENDON;920000;870000;942000;1228000;1365000;1400000;1691000;1450000;1520000;1750000;1825000;1765000.0;4.0;98.0;7.1
ESSENDON NORTH;686000;725000;840000;808000;875000;1100000;1145000;1100000;1260000;1400000;1510000;1055000.0;8.0;120.0;8.2
ESSENDON WEST;720000;720000;785000;920000;962500;1296000;1221000;1180000;1275000;1390000;1265500;960000.0;-9.0;76.0;5.8
EUMEMMERRING;327500;353000;365000;408500;450500;517500;622000;540000;550000;628000;750500;580000.0;19.0;129.0;8.6
EUREKA;237000;243500;259000;247500;275000;251500;315500;360000;412500;430000;490000;N/A;14.0;107.0;7.5
EUROA;215000;208000;230000;235500;265000;239000;270000;309000;360000;407500;480000;490000.0;18.0;123.0;8.4
EYNESBURY;400000;390500;390000;403500;459000;484000;550000;555000;600000;676500;707500;658500.0;5.0;77.0;5.9
FAIRFIELD;825000;915000;945000;1111500;1303000;1496000;1316000;1295000;1395500;1700000;1800000;1304000.0;6.0;118.0;8.1
FAIRHAVEN;990000;785000;955000;897500;1052500;880000;1020000;1395000;1478000;1890000;2786000;1830000.0;47.0;181.0;10.9
FAWKNER;406500;410000;444000;510000;587500;705000;720000;665000;715000;815000;770000;777000.0;-6.0;90.0;6.6
FERNTREE GULLY;429500;451000;505000;599000;660000;749000;732500;692000;750000;865000;873000;860000.0;1.0;103.0;7.4
FERNY CREEK;456000;497500;492500;621000;735000;798000;830000;800000;908000;1120000;940000;1040000.0;-16.0;106.0;7.5
FINGAL;600000;677500;730000;857500;840000;1000000;1350000;1240000;1312500;1807500;1975000;N/A;9.0;229.0;12.7
FITZROY;918500;945000;1130000;1297500;1600000;1625000;1450000;1400000;1400000;1520000;1502500;1715000.0;-1.0;64.0;5.0
FITZROY NORTH;871000;976000;1014000;1188000;1279000;1450000;1475000;1385000;1600000;1706000;1620000;1600000.0;-5.0;86.0;6.4
FIVEWAYS;343500;355000;315000;380000;417500;525000;542500;485000;530000;751500;825000;390000.0;10.0;140.0;9.2
FLEMINGTON;652000;735500;730000;830000;918000;1100000;926500;1000000;1035000;1261500;1103500;1117500.0;-13.0;69.0;5.4
FLINDERS;710000;765000;808000;839000;1225000;1525000;1697500;1670000;2085000;2667500;3342000;N/A;25.0;371.0;16.8
FLORA HILL;309000;310000;323500;321000;325000;335000;352500;370000;395000;481000;550000;512500.0;14.0;78.0;5.9
FLOWERDALE;250000;292500;170000;255000;237500;310000;390000;287500;400000;475000;530000;624000.0;12.0;112.0;7.8
FOOTSCRAY;568000;600000;645000;690500;775000;883500;899000;820000;873000;970000;990000;860000.0;2.0;74.0;5.7
FOREST HILL;565000;650500;721000;892000;933500;1060000;935000;900000;986000;1207500;1155500;1100000.0;-4.0;105.0;7.4
FOSTER;269500;298000;315000;325000;315000;320000;333500;330000;387500;457500;595000;590000.0;30.0;121.0;8.2
FRANKSTON;340000;350000;372000;426000;474000;600000;605000;581000;621500;750000;764500;698000.0;2.0;125.0;8.4
FRANKSTON NORTH;245000;255000;269000;297000;352000;470000;502000;423000;450000;580000;610000;555000.0;5.0;149.0;9.6
FRANKSTON SOUTH;510000;535000;560000;620000;690000;815500;855000;817500;860000;1150000;1185000;1080000.0;3.0;132.0;8.8
FRASER RISE;634500;455000;490000;465000;483000;541000;615000;595000;625000;675000;717500;700000.0;6.0;13.0;1.2
FYANSFORD;310000;386500;478000;688000;592500;610000;650000;660000;800500;845000;1065000;1112500.0;26.0;244.0;13.1
GARDEN CITY;965000;1055000;1055000;1320000;1440000;1650000;1507500;1375000;1602500;2074500;1850000;N/A;-11.0;92.0;6.7
GARDENVALE;956000;1150000;1180000;1348000;1857500;1880000;1830000;1740000;1900000;2120000;2005000;3000000.0;-5.0;110.0;7.7
GARFIELD;335000;405000;355000;370000;405000;414500;540000;518000;590000;715000;789000;745000.0;10.0;136.0;8.9
GEELONG;463000;500000;512000;607500;590000;735000;750000;720000;883500;950000;892500;830000.0;-6.0;93.0;6.8
GEELONG WEST;410000;440000;469000;490000;543500;654000;713000;675000;749500;882500;990000;900000.0;12.0;141.0;9.2
GEMBROOK;349000;344000;400000;440000;525000;565000;610000;650000;680000;789500;862500;934000.0;9.0;147.0;9.5
GISBORNE;429500;496000;510000;550000;635000;655000;770000;730000;810000;898500;1052500;975000.0;17.0;145.0;9.4
GLADSTONE PARK;380000;392500;400000;460000;525000;645000;630000;636500;640000;728000;730000;677500.0;0.0;92.0;6.7
GLEN HUNTLY;792500;977500;1135000;1350000;1330000;1415000;1253000;1440000;1342500;2002500;1570000;1513000.0;-22.0;98.0;7.1
GLEN IRIS;1200000;1310000;1500000;1800000;1935000;2025000;1927500;1967000;2130000;2492500;2500000;2235000.0;0.0;108.0;7.6
GLEN WAVERLEY;720000;815000;960000;1212500;1221000;1337500;1300000;1287500;1302500;1559000;1560000;1750500.0;0.0;117.0;8.0
GLENGARRY;232000;232500;283000;286000;277500;310000;300000;324000;388000;490000;576500;707500.0;18.0;148.0;9.5
GLENLYON;315000;300000;287500;321000;380000;525000;591000;567500;709000;730000;1000000;N/A;37.0;218.0;12.2
GLENROWAN;246000;230000;239000;225000;272500;300000;265000;372500;375000;500000;517000;400000.0;3.0;110.0;7.7
GLENROY;437500;454000;500000;560000;600000;730000;725000;700000;740000;835500;850000;735000.0;2.0;94.0;6.9
GOLDEN BEACH;206000;169500;172500;180000;212500;209500;225500;220000;270000;325000;355000;400000.0;9.0;72.0;5.6
GOLDEN POINT (BALLARAT);250000;265000;265000;259500;295000;302500;347500;370000;430000;515000;545000;575000.0;6.0;118.0;8.1
GOLDEN SQUARE;285000;295000;305000;306000;315000;320000;334000;340000;377500;469500;540000;507500.0;15.0;89.0;6.6
GORDON;229500;278500;303000;290000;330000;404000;402500;495000;618000;632500;690000;832000.0;9.0;201.0;11.6
GOUGHS BAY;220000;257500;247500;265000;235000;257500;345500;299500;360000;498500;710000;560000.0;42.0;223.0;12.4
GOWANBRAE;467500;616500;557500;573000;619000;790000;727500;700500;739000;940000;900000;967500.0;-4.0;93.0;6.8
GRANTVILLE;245000;215000;255000;250000;272500;339500;402500;397500;440000;540000;622500;600000.0;15.0;154.0;9.8
GREEN LAKE;250000;262500;254500;281500;305000;280000;270000;290000;360000;384500;440000;400000.0;14.0;76.0;5.8
GREENSBOROUGH;491000;534000;574000;635000;717000;830000;815000;798000;850000;1001000;996500;938500.0;0.0;103.0;7.3
GREENVALE;537000;550000;539500;500000;510000;650000;720000;715000;720000;820000;880000;825000.0;7.0;64.0;5.1
GROVEDALE;340000;352000;362000;370000;400000;432000;495000;505000;550000;655000;700000;630000.0;7.0;106.0;7.5
HADFIELD;430000;461500;500000;550000;624500;740500;741500;730000;745000;890000;888000;795000.0;0.0;107.0;7.5
HALLAM;360000;362500;380000;424000;455000;580000;630000;550000;600000;700000;720000;660000.0;3.0;100.0;7.2
HALLS GAP;233500;184500;224500;245000;272500;280000;355000;320000;350000;468000;570000;547500.0;22.0;144.0;9.3
HAMILTON;189000;192500;200000;200000;216000;190000;225000;209500;255000;339000;357000;402500.0;5.0;89.0;6.6
HAMLYN HEIGHTS;339500;363500;366500;382500;415000;500000;545000;540000;562000;708000;770000;755000.0;9.0;127.0;8.5
HAMPTON;1200000;1270000;1340000;1650000;1800000;2020000;1905000;1900000;2000000;2425000;2332000;2142500.0;-4.0;94.0;6.9
HAMPTON EAST;732500;770000;862500;1020000;1200000;1340000;1230000;1211500;1290500;1512500;1617500;1270000.0;7.0;121.0;8.2
HAMPTON PARK;320000;330000;337500;370000;410000;505000;550000;502000;538000;620000;665000;645000.0;7.0;108.0;7.6
HARCOURT;287500;309000;358000;295000;377500;385000;375000;420000;527500;604000;705000;578000.0;17.0;145.0;9.4
HARKNESS;329000;330000;340000;350000;360000;420000;485000;475000;490000;535000;595000;575000.0;11.0;81.0;6.1
HASTINGS;347000;345000;368000;365000;400000;507500;519500;506000;562000;651000;729000;682500.0;12.0;110.0;7.7
HASTINGS WEST;282500;280000;277000;289500;338000;425000;480000;430000;487500;590000;660000;577500.0;12.0;134.0;8.9
HAWTHORN;1405000;1575000;1606500;1916500;2245000;2650000;2506500;2200000;2512500;2915000;2475000;2601000.0;-15.0;76.0;5.8
HAWTHORN EAST;1300000;1247500;1554000;1850000;1890000;2350000;2221500;2087500;2383000;2300000;2521500;2215000.0;10.0;94.0;6.8
HEALESVILLE;380000;385500;400000;447500;457000;550000;601000;580000;602500;750000;810000;745000.0;8.0;113.0;7.9
HEATHCOTE;220000;227500;260000;240000;268500;275000;310000;335000;365000;390000;490000;532500.0;26.0;123.0;8.3
HEATHCOTE JUNCTION;395000;372500;422000;380000;437500;567000;594500;600000;738000;885000;905000;695000.0;2.0;129.0;8.6
HEATHERTON;630000;630000;712000;771000;845000;981000;935000;965000;964000;1140000;1147000;1095000.0;1.0;82.0;6.2
HEATHMONT;525000;589000;638000;760000;789000;925000;932000;873000;930000;1094000;1077000;1028000.0;-2.0;105.0;7.4
HEIDELBERG;750000;772500;840500;1060000;1150000;1280000;1114000;1107500;1283000;1500000;1410000;1265000.0;-6.0;88.0;6.5
HEIDELBERG HEIGHTS;500000;536500;555000;676500;750000;843000;820000;790000;805000;1000000;1041000;835000.0;4.0;108.0;7.6
HEIDELBERG WEST;400000;425500;461000;580000;630000;730000;700000;670000;719500;812500;807000;815000.0;-1.0;102.0;7.3
HEPBURN;275000;291000;330000;395000;377000;440000;425000;452500;535000;695000;675000;750000.0;-3.0;145.0;9.4
HEPBURN SPRINGS;310000;340000;350000;380000;418000;515000;490000;595000;570000;825000;925000;690000.0;12.0;198.0;11.6
HERNE HILL;321000;350000;357000;368500;402000;490000;550000;534000;600000;738000;765000;760000.0;4.0;138.0;9.1
HEYFIELD;171500;200000;180000;182500;195000;178500;193000;195000;230000;330000;370000;405000.0;12.0;116.0;8.0
HEYWOOD;153000;142000;150000;173000;160000;164000;166000;178000;185000;240000;326500;N/A;36.0;113.0;7.9
HIGHETT;682500;750000;850000;992500;1175000;1318500;1275000;1234000;1325000;1585500;1465000;1535000.0;-8.0;115.0;7.9
HIGHTON;460000;477500;510000;505000;555000;622500;681000;690000;744000;886000;950000;790000.0;7.0;107.0;7.5
HILLSIDE (MELTON);422500;430000;440000;470000;525500;620000;647000;641000;680000;730000;789000;720500.0;8.0;87.0;6.4
HOPETOUN;81000;88000;95500;75000;80000;92000;86000;66000;150000;157000;185000;220000.0;18.0;128.0;8.6
HOPPERS CROSSING;312500;321500;340000;365500;415000;516000;552000;526500;550000;585000;620000;625000.0;6.0;98.0;7.1
HORSHAM;220000;215000;215000;240000;245000;262500;255000;269000;260000;345000;380000;399500.0;10.0;73.0;5.6
HUGHESDALE;741500;820000;856000;1165000;1222500;1407000;1260000;1150500;1300000;1507500;1500000;1207500.0;0.0;102.0;7.3
HUNTINGDALE;590000;659000;728000;835000;924500;1132000;1010000;914000;1090000;1299500;1250000;1364000.0;-4.0;112.0;7.8
HUNTLY;215000;337500;325000;355000;340000;335000;357500;367500;383000;486500;570000;524000.0;17.0;165.0;10.2
HURSTBRIDGE;445000;482000;482000;547500;614500;714000;731000;700000;775000;900000;950000;902500.0;6.0;113.0;7.9
INDENTED HEAD;430000;390000;385000;382500;395000;455000;575500;606000;590000;752500;875000;864000.0;16.0;103.0;7.4
INGLEWOOD;186500;160000;145000;200000;152500;182500;180000;185000;214000;320000;390000;N/A;22.0;109.0;7.7
INVERLOCH;420000;431000;440000;425000;442500;495000;598000;590000;665000;891000;985000;1000000.0;11.0;135.0;8.9
INVERMAY PARK;370000;378000;387000;405000;377500;391000;465000;475000;485000;680000;670000;725000.0;-1.0;81.0;6.1
IRONBARK;280000;277000;280000;292500;365000;280000;320000;304000;438500;523000;525000;530000.0;0.0;88.0;6.5
IRYMPLE;215000;248000;228500;268000;257500;291000;310000;386500;354000;431000;455000;500000.0;6.0;112.0;7.8
IVANHOE;907500;1100000;1206000;1125000;1400000;1547500;1600000;1590000;1630000;1900000;1970000;1302500.0;4.0;117.0;8.1
IVANHOE EAST;1200000;1310000;1513000;1542500;1764500;1975000;1914000;1775000;2055000;2225000;2200000;4775000.0;-1.0;83.0;6.2
JACAN/A;310500;334000;342500;375000;423000;571500;555000;512500;555000;626000;642500;567500.0;3.0;107.0;7.5
JACKASS FLAT;357500;287500;360000;350500;345500;299000;310000;331500;401000;460000;520000;509000.0;13.0;45.0;3.8
JAMIESON;267500;205000;210000;258500;220000;266500;265000;311500;345000;410000;625000;540000.0;52.0;134.0;8.9
JAN JUC;570000;555000;595000;615000;716000;850000;905000;870000;964000;1333500;1400000;1260000.0;5.0;146.0;9.4
JEERALANG NORTH;159500;145500;187500;175000;140000;248000;170000;235000;240000;283500;402500;357500.0;42.0;152.0;9.7
JEPARIT;59000;80500;63000;89000;124000;66500;77000;81000;110000;129000;150000;133500.0;17.0;154.0;9.8
JUNCTION VILLAGE;300000;312000;320000;370000;389000;436000;509000;483500;515000;605000;635000;630000.0;5.0;112.0;7.8
JUNORTOUN;465000;490000;508500;417500;490000;512500;506500;530000;599000;682000;885000;867500.0;30.0;90.0;6.6
KALIMN/A;281500;230000;285000;300000;270000;276500;326500;292500;350000;467000;510000;537500.0;9.0;81.0;6.1
KALKALLO;272500;450000;450000;180000;432500;529500;548000;538000;555000;611500;650000;645000.0;6.0;139.0;9.1
KALLISTA;452500;425000;465000;523000;567500;676000;737500;700000;715000;910000;1000000;605500.0;10.0;121.0;8.3
KALORAMA;420000;442500;451000;496000;533000;670000;686500;645000;697500;822500;1060000;950000.0;29.0;152.0;9.7
KANGAROO FLAT;284500;292500;300000;303000;300000;310000;325000;340000;380000;465000;535000;495000.0;15.0;88.0;6.5
KANGAROO GROUND SOUTH;631000;615000;655000;650000;670000;853500;930000;815500;970000;1217000;1130000;920000.0;-7.0;79.0;6.0
KANIVA;87000;75000;87500;100000;125000;157500;164000;169500;115000;174000;205000;255000.0;18.0;136.0;8.9
KEALBA;375000;370000;390000;400000;470000;595000;612000;596000;600000;660000;705000;665000.0;7.0;88.0;6.5
KEILOR;592500;572500;633000;703000;805000;845000;817000;836500;885000;1070500;1000000;1043500.0;-7.0;69.0;5.4
KEILOR DOWNS;400000;403500;429000;496500;562000;670000;660000;630000;660000;775000;770000;790000.0;-1.0;93.0;6.8
KEILOR EAST;527500;560000;599000;651000;720000;843000;830000;835000;842000;1000000;992500;960000.0;-1.0;88.0;6.5
KEILOR LODGE;480000;490000;500000;555500;607500;760000;715000;740000;757500;865000;880000;980000.0;2.0;83.0;6.2
KEILOR PARK;480000;455000;512500;565000;650000;741000;770000;704000;735000;820500;892500;795000.0;9.0;86.0;6.4
KENNINGTON;300000;351500;345000;334000;355000;372000;383500;374000;428500;550000;595000;587500.0;8.0;98.0;7.1
KENSINGTON;650000;690000;737500;823500;908000;1019000;1020000;978000;1106500;1165000;1200000;927500.0;3.0;85.0;6.3
KERANG;150000;152000;145000;152000;167000;160000;177000;170000;198500;239000;275500;226500.0;15.0;84.0;6.3
KEW;1500000;1751000;1950000;2080000;2207500;2317500;2380000;2310000;2251500;2775000;2850000;2735000.0;3.0;90.0;6.6
KEW EAST;1005000;1210000;1314000;1600000;1655000;1876000;1800000;1837000;1785000;1990000;2040000;4600000.0;3.0;103.0;7.3
KEW NORTH;995500;1260000;1301000;1665000;1827500;1880000;1767500;1833000;1840000;2086000;2255000;2607500.0;8.0;127.0;8.5
KEYSBOROUGH;425000;435000;456500;559500;650000;730000;745000;735000;756000;887500;911500;901000.0;3.0;114.0;7.9
KIALLA;318500;360000;365000;367500;374000;390000;418000;450000;482500;543000;640000;690000.0;18.0;101.0;7.2
KILCUNDA;350000;375000;320000;400000;480000;504000;496000;533000;702500;865000;900000;545000.0;4.0;157.0;9.9
KILLARA (WODONGA);116500;351000;346000;360000;425000;400000;420000;453500;447500;560000;658500;650000.0;18.0;465.0;18.9
KILMORE;312000;327500;319000;336500;333000;387500;440000;435000;477000;548000;600000;600000.0;9.0;92.0;6.8
KILSYTH;415000;435000;460000;548500;620000;698500;685500;645000;677500;781500;840000;760000.0;8.0;102.0;7.3
KILSYTH SOUTH;501000;542500;575000;676000;738000;845000;826000;780500;870000;977500;1080000;865000.0;10.0;116.0;8.0
KINGLAKE;310000;330000;318000;340000;346000;458000;480000;555000;600000;640000;770000;645000.0;20.0;148.0;9.5
KINGS PARK;324000;315000;325000;355000;415000;532500;550000;510000;550000;600000;630000;600000.0;5.0;94.0;6.9
KINGSBURY;437500;470000;502500;560000;610000;731000;730000;660000;732500;850000;782000;774000.0;-8.0;79.0;6.0
KINGSVILLE;597500;635000;703500;785000;925000;1020000;990000;1010000;970000;1225000;1287500;1090000.0;5.0;115.0;8.0
KNOXFIELD;465000;500000;580000;681000;741000;870000;815000;760000;810000;980000;970000;808000.0;-1.0;109.0;7.6
KOO WEE RUP;320000;315000;335000;345000;400000;450500;508500;550000;540000;610000;700000;640000.0;15.0;119.0;8.1
KOONDROOK;165000;147500;155000;198500;165000;247500;268000;212500;254000;322500;320000;303000.0;-1.0;94.0;6.8
KOROIT;290000;275000;300000;296000;294000;325000;352000;347500;390000;490000;560000;470000.0;14.0;93.0;6.8
KORUMBURRA;240000;236000;222500;262500;257500;292000;317500;320000;391000;480000;515000;476000.0;7.0;115.0;7.9
KURUNJANG;281000;287000;280000;289500;310000;370000;435000;420000;432000;485000;550000;500000.0;13.0;96.0;6.9
KYABRAM;217500;237000;235000;240000;234000;239000;261000;263000;280000;319500;400000;455000.0;25.0;84.0;6.3
KYNETON;370000;369000;400000;425500;455000;495000;550000;595000;614000;760000;897500;790000.0;18.0;143.0;9.3
LAKE BOGA;200000;200000;143500;245000;222500;182500;232500;239000;230000;320000;391000;280000.0;22.0;96.0;6.9
LAKE BUNGA;330000;197500;162500;270000;270000;392500;380000;300000;350000;600000;650000;530000.0;8.0;97.0;7.0
LAKE GARDENS;385000;445000;445000;461000;485000;461500;575000;552500;607500;705000;752000;925000.0;7.0;95.0;6.9
LAKE TYERS BEACH;274000;270000;354000;330000;268500;362500;300000;357500;375000;505000;655000;690000.0;30.0;139.0;9.1
LAKE WENDOUREE;545000;634000;650000;685000;700000;795000;775000;855000;1000000;1230000;1225000;945000.0;0.0;125.0;8.4
LAKES ENTRANCE;250000;269500;254000;255500;280000;281500;328000;300000;350000;425000;540000;525000.0;27.0;116.0;8.0
LALOR;360500;365000;385000;445000;499500;625500;625000;590000;623000;700000;700000;655000.0;0.0;94.0;6.9
LANCEFIELD;315000;377500;362000;360000;360000;416000;456000;500000;540000;685000;671500;727500.0;-2.0;113.0;7.9
LANG LANG;277500;285000;295000;316500;355000;390000;475000;495000;540000;657000;720000;631000.0;10.0;159.0;10.0
LANGWARRIN;375000;385000;420000;450000;503000;600000;642500;610000;660000;810000;860000;816000.0;6.0;129.0;8.7
LARA;335000;350000;340000;348000;355000;430000;515000;495000;535000;685000;700000;757500.0;2.0;109.0;7.6
LARA LAKE;355000;363500;398000;375000;395000;450500;525000;535500;575000;666000;702000;700000.0;5.0;98.0;7.1
LAUNCHING PLACE;340000;330000;337500;366000;435000;490000;531000;554000;572500;688500;767000;536000.0;11.0;126.0;8.5
LAVERTON;320000;325000;358000;377500;429000;535000;579000;529000;560000;605000;610000;565000.0;1.0;91.0;6.7
LAVERTON SOUTH;390500;392500;425000;450000;528500;610500;646000;622500;647500;730000;752000;684500.0;3.0;93.0;6.8
LEITCHVILLE;145000;98000;67500;100000;126500;100000;109500;106000;123500;227500;250000;442000.0;10.0;72.0;5.6
LENEVA;382000;361500;372500;370500;376000;397500;387500;426000;470000;554000;650000;730000.0;17.0;70.0;5.5
LEONGATHA;289000;300000;295500;305000;305000;320000;360000;370000;426000;505000;590000;605000.0;17.0;104.0;7.4
LEOPOLD;350000;360000;366500;365000;407000;447000;500500;510000;535000;652000;709000;695000.0;9.0;103.0;7.3
LILYDALE;420000;469000;482500;534000;633500;710500;705000;675500;716000;850000;877500;775000.0;3.0;109.0;7.6
LINDENOW;249500;200000;226000;212500;212000;245000;313500;282500;282500;385000;466000;342500.0;21.0;87.0;6.4
LISMORE;132500;110000;109000;115000;141500;155000;132500;144500;220000;176000;277500;260000.0;58.0;109.0;7.7
LOCH;286500;279000;242500;241000;339500;300000;398000;395000;444000;472500;468000;670000.0;-1.0;63.0;5.0
LOCH SPORT;165000;166000;153500;145000;178000;182000;230000;245000;247000;324500;390000;365000.0;20.0;136.0;9.0
LOCKINGTON;165000;175000;174000;220000;196000;149000;183000;222000;195000;243000;339000;385000.0;40.0;105.0;7.5
LONG GULLY;220000;230000;255000;244000;240000;256000;269000;280000;299500;385000;451500;400000.0;17.0;105.0;7.5
LONGWARRY;286500;289500;297500;307000;334000;377000;403000;406000;427500;512500;575000;577500.0;12.0;101.0;7.2
LORNE;800000;840000;815000;895000;765000;1150000;1275000;1297500;1497500;1960000;2150000;1824500.0;10.0;169.0;10.4
LOVELY BANKS;402000;360500;406500;388500;470000;460000;525000;570000;565000;662500;767500;650000.0;16.0;91.0;6.7
LOWER PLENTY;615000;680500;675000;770000;900000;980000;1055000;950000;909500;1220000;1335000;1410000.0;9.0;117.0;8.1
LUCAS;461000;348000;355000;389000;345000;349500;395000;431000;465000;582500;705000;620000.0;21.0;53.0;4.3
LUCKNOW;200000;235000;229000;230000;244500;261500;280000;275000;314500;355000;449000;400000.0;26.0;125.0;8.4
LYNBROOK;415000;430000;460000;500000;542500;595000;640000;623000;660000;750000;810000;814500.0;8.0;95.0;6.9
LYNDHURST;450000;465000;482500;550000;585000;625000;695000;665500;701500;815500;952500;841500.0;17.0;112.0;7.8
LYSTERFIELD;643500;681500;670000;780000;857500;995500;976500;956500;994500;1132000;1260000;810000.0;11.0;96.0;6.9
LYSTERFIELD SOUTH;830000;931500;1000000;1018500;1240000;1300000;1275000;775000;1410000;1618000;1844000;N/A;14.0;122.0;8.3
MACEDON;525000;490000;460000;532500;585000;696000;815000;800000;883000;1130000;1073000;1105000.0;-5.0;104.0;7.4
MACLEOD;555000;647500;705000;755000;868000;950000;922500;922500;972500;1156500;1140000;1102500.0;-1.0;105.0;7.5
MACS COVE;175500;244000;185000;189000;225000;240000;269500;300000;280000;450000;560000;N/A;24.0;220.0;12.3
MADDINGLEY;308000;316500;320000;332500;345000;395000;442000;460000;521000;560000;635000;635000.0;13.0;106.0;7.5
MAFFRA;235000;229000;215000;230000;258000;251500;261500;255000;315000;338000;378500;401000.0;12.0;61.0;4.9
MAIDEN GULLY;422500;440000;415000;430000;477000;471000;495500;514000;579000;725000;760000;705000.0;5.0;80.0;6.0
MAIDSTONE;499000;535000;587500;630000;695000;825000;798500;779000;789500;850000;885000;897500.0;4.0;77.0;5.9
MALDON;272500;315000;325000;339000;385000;426500;420000;510000;546500;624500;756000;802500.0;21.0;178.0;10.8
MALLACOOTA;267500;285000;285000;288500;325000;345000;280000;406500;415000;497000;500000;1120000.0;1.0;87.0;6.5
MALMSBURY;332500;292500;317500;397500;344000;447000;465000;475000;505000;750000;772500;855500.0;3.0;132.0;8.8
MALVERN;1550000;1508500;1946000;2230000;2332000;2750000;2661000;2570000;2865000;3001000;3020000;1750000.0;1.0;95.0;6.9
MALVERN EAST;1039000;1200000;1380000;1610000;1729000;1824000;1900000;1789000;1890000;2110000;2275000;1511000.0;8.0;119.0;8.2
MAMBOURIN;N/A;N/A;N/A;N/A;N/A;N/A;N/A;N/A;329500;597500;631500;652500.0;6.0;N/A;N/A
MANIFOLD HEIGHTS;425000;532500;489000;489500;620000;721500;785500;715000;825000;924500;1075000;850000.0;16.0;153.0;9.7
MANOR LAKES;345000;340500;360000;385000;417500;490000;526000;533000;570000;596000;648000;605500.0;9.0;88.0;6.5
MANSFIELD;315000;364000;347000;367500;359000;385000;430000;450000;510000;640000;732500;730000.0;14.0;133.0;8.8
MARENGO;450000;750000;382500;577500;599000;670000;597500;687500;750000;1075000;1600000;N/A;49.0;256.0;13.5
MARIBYRNONG;646000;714000;750500;837500;940000;1056000;1050000;961500;936500;1165000;1160000;1055000.0;0.0;80.0;6.0
MARLO;315000;295000;285000;335500;305000;432500;385000;355000;405000;435000;686000;655000.0;58.0;118.0;8.1
MARONG;312500;310000;345000;364000;330000;348000;365000;420000;465000;560000;650000;635000.0;16.0;108.0;7.6
MARSHALL;365000;360000;382500;377000;400000;430000;468000;486500;510000;600000;676500;623500.0;13.0;85.0;6.4
MARYBOROUGH;184000;194000;200000;192500;206500;194000;229500;236000;269500;340000;390000;387500.0;15.0;112.0;7.8
MARYSVILLE;145000;180000;125000;320000;332500;383000;477500;462500;475000;675000;755000;780000.0;12.0;421.0;17.9
MCCRAE;555000;530000;535000;597500;689000;775000;847500;795000;952500;1200000;1280000;1572500.0;7.0;131.0;8.7
MCKENZIE HILL;465000;397000;140000;429500;475000;471500;495000;536500;544500;700000;755000;900000.0;8.0;62.0;5.0
MCKINNON;944000;1025000;1220000;1500000;1657500;1720000;1555000;1520500;1675000;1995000;1975000;1130000.0;-1.0;109.0;7.7
MCLOUGHLINS BEACH;151500;145500;169500;145000;180000;110000;191000;210000;208000;271500;275000;360000.0;1.0;82.0;6.1
MEADOW HEIGHTS;315000;317000;322500;350500;370000;451000;510000;474000;499000;557500;580000;535000.0;4.0;84.0;6.3
MELTON;250000;245000;240000;255000;280500;369000;415000;385000;390000;455000;500000;456000.0;10.0;100.0;7.2
MELTON SOUTH;230000;230000;238000;260000;276000;377000;417000;390000;420000;465000;515000;495000.0;11.0;124.0;8.4
MELTON WEST;283000;285500;290000;295000;330000;409000;453000;428000;470000;515000;551000;550000.0;7.0;95.0;6.9
MENTONE;665000;705000;810000;950000;982500;1097500;1080000;1031000;1050000;1367500;1470000;1436000.0;7.0;121.0;8.3
MENZIES CREEK;465000;515000;428000;580000;597000;640000;760000;682500;745000;1020000;960000;685000.0;-6.0;106.0;7.5
MERBEIN;142500;140500;167000;180000;170000;183500;180000;210000;201500;225000;320000;312500.0;42.0;125.0;8.4
MEREDITH;230000;353000;230000;280000;250000;323500;400000;330500;470000;523000;590500;600000.0;13.0;157.0;9.9
MERINDA PARK;285000;310000;310000;345000;385000;471500;523000;476000;527500;615000;657500;639500.0;7.0;131.0;8.7
MERNDA;374500;375000;370000;410000;430000;525000;573500;552000;570000;670000;680000;642500.0;1.0;82.0;6.1
MERRIGUM;150000;160500;149000;209500;164500;160000;190000;270000;179000;255000;266500;250000.0;4.0;78.0;5.9
MERRIJIG (MANSFIELD);272500;332500;390000;292500;344000;420000;461000;422500;613000;882000;905000;N/A;3.0;232.0;12.8
METUNG;350000;337500;287500;299000;360000;347500;371500;455000;480000;517500;732500;892500.0;42.0;109.0;7.7
MICKLEHAM;N/A;213000;168000;390000;437000;500500;520000;525000;565000;626500;680000;670000.0;9.0;0.0;N/A
MIDDLE PARK;1415000;1587500;2125000;2317000;2238500;2390000;2685000;2775000;2680000;2864000;2750000;2485000.0;-4.0;94.0;6.9
MILDURA;225000;225500;245000;252000;260000;264000;281500;310000;337000;380000;423500;430500.0;11.0;88.0;6.5
MILL PARK;405000;408000;430500;480000;560000;668500;657000;653000;690000;755000;786000;755000.0;4.0;94.0;6.9
MILLGROVE;235000;245000;260000;275000;293500;343000;411000;415000;425000;540000;600000;594000.0;11.0;155.0;9.8
MINERS REST;325000;330000;327500;335000;334000;370000;400000;427500;440000;530000;599500;645000.0;13.0;84.0;6.3
MINYIP;81000;73500;95000;93000;82500;94000;81000;114500;75000;151500;155000;N/A;2.0;91.0;6.7
MIRBOO NORTH;252000;265000;250000;262000;275000;264000;307500;327500;376000;475000;565000;575000.0;19.0;124.0;8.4
MITCHAM;584500;650000;730000;885500;941000;1070000;998000;942000;1066500;1212500;1200000;1155000.0;-1.0;105.0;7.5
MITCHELL PARK;270000;267000;267500;260000;259000;263000;304500;313000;330000;400000;487500;450000.0;22.0;81.0;6.1
MOE;165000;155000;170000;162500;173000;175000;200000;210000;250000;315000;370000;345000.0;17.0;124.0;8.4
MONBULK;380000;395000;425000;471500;521500;608000;650000;630000;650000;790000;799000;815000.0;1.0;110.0;7.7
MONT ALBERT;1177500;1316000;1490000;1863000;1921000;2100000;1990000;1690000;2170000;2372500;2320000;1702000.0;-2.0;97.0;7.0
MONT ALBERT NORTH;780000;995000;1100000;1400000;1490000;1565000;1460000;1380000;1437000;1580000;1643000;1751500.0;4.0;111.0;7.7
MONTMORENCY;561000;570000;614000;732000;780500;890000;926000;860000;913000;1162000;1110000;1173500.0;-4.0;98.0;7.1
MONTROSE;426000;445000;476500;559000;625000;700500;737500;707500;730000;842500;913500;767500.0;8.0;114.0;7.9
MOONEE PONDS;775000;830500;920000;1006000;1110500;1310000;1360000;1300000;1290000;1540000;1550000;1065000.0;1.0;100.0;7.2
MOORABBIN;631000;682000;768000;855000;980000;1160000;1130000;1065000;1072500;1400000;1377500;1312500.0;-2.0;118.0;8.1
MOOROOLBARK;425000;440000;465000;558500;620000;725000;720000;670000;720000;836000;870000;770500.0;4.0;105.0;7.4
MOOROOPN/A;217500;207500;215000;230000;215500;225000;230000;247500;268500;335000;387500;385000.0;16.0;78.0;5.9
MORDIALLOC;642500;680000;755000;850000;933000;1120000;1046500;1017500;1089000;1375000;1327000;1355000.0;-3.0;107.0;7.5
MORNINGTON;501500;525000;558000;641000;745000;800000;850000;810000;895000;1100000;1133500;1050000.0;3.0;126.0;8.5
MORTLAKE;152000;129500;152500;120000;152000;170000;165000;164000;220000;290500;327500;362500.0;13.0;115.0;8.0
MORWELL;150500;160000;150000;150000;153000;170000;167000;179000;200000;275000;325000;315000.0;18.0;116.0;8.0
MOUNT BEAUTY;140000;180000;200000;189500;183000;258000;267500;295000;330000;446000;572500;455000.0;28.0;309.0;15.1
MOUNT CLEAR;305000;286000;288000;322500;345000;345000;379000;396500;414000;505000;522500;500000.0;3.0;71.0;5.5
MOUNT DANDENONG;476500;450000;610000;612500;641000;847000;647500;690000;791000;850000;1075000;750000.0;26.0;126.0;8.5
MOUNT DUNEED;480000;286000;532000;545000;425000;497500;555000;557000;593000;696000;770000;684500.0;11.0;60.0;4.8
MOUNT EGERTON;275000;250000;295000;230000;271500;310000;340500;330000;271000;555000;600000;540000.0;8.0;118.0;8.1
MOUNT ELIZA;680000;750000;777500;832000;950000;1137500;1220000;1180000;1313000;1700000;1725000;1782500.0;1.0;154.0;9.8
MOUNT EVELYN;393000;406000;428500;493500;551000;640000;671500;636000;710000;820000;875000;795000.0;7.0;123.0;8.3
MOUNT HELEN;325000;344000;368000;342000;355000;376000;420000;417000;472500;610000;632500;610500.0;4.0;95.0;6.9
MOUNT MACEDON;543000;662500;600000;635000;750000;665000;859000;775000;1043000;1547500;1330000;1216000.0;-14.0;145.0;9.4
MOUNT MARTHA;715500;730000;745000;785000;965000;1050000;1202500;1262500;1420000;1818000;1880000;1685000.0;3.0;163.0;10.1
MOUNT PLEASANT;259000;276500;269500;293500;297500;293000;350000;377500;415000;498000;530000;560000.0;6.0;105.0;7.4
MOUNT WAVERLEY;733000;820000;950000;1267500;1265000;1416000;1320000;1270500;1300000;1511000;1506000;1407000.0;0.0;105.0;7.5
MULGRAVE;533000;577500;627000;765500;786000;900500;860000;840000;850000;1000000;992000;933000.0;-1.0;86.0;6.4
MURCHISON;183000;186000;155000;165000;187000;254500;225000;244500;291500;400000;450000;410000.0;13.0;146.0;9.4
MURRUMBEEN/A;785000;870000;982500;1204000;1286000;1420000;1343500;1241500;1405000;1695000;1680000;1840000.0;-1.0;114.0;7.9
MURTOA;108500;95000;110000;91000;97500;115000;110000;119000;130000;145000;244500;258500.0;69.0;126.0;8.5
MYRTLEFORD;220000;220000;245000;242000;270500;265000;295000;325000;385000;530000;609000;622000.0;15.0;177.0;10.7
N/AGAMBIE;255000;312500;378000;360500;336000;330000;385000;414000;460000;545000;655000;680000.0;20.0;157.0;9.9
N/AR N/AR GOON;395500;350000;395500;550000;442500;470000;522500;508500;535000;655000;800000;N/A;22.0;102.0;7.3
N/ARRE WARREN;356000;370000;386000;430000;487000;590000;614000;588000;610000;700000;747500;708000.0;7.0;110.0;7.7
N/ARRE WARREN NORTH;660000;682500;822500;771500;900000;1108000;1180000;1075000;1167500;1421500;1600000;1677500.0;13.0;142.0;9.3
N/ARRE WARREN SOUTH;405000;410000;440000;476000;530000;620000;636500;625000;660000;750000;800000;790000.0;7.0;98.0;7.0
N/ATHALIA;205000;165000;190500;178000;185000;232500;210000;229000;256000;265000;350000;375000.0;32.0;71.0;5.5
N/ATIMUK;116000;166000;145000;161000;165500;249500;158500;148500;221000;296000;330000;272500.0;12.0;184.0;11.0
NEERIM SOUTH;265000;340000;336500;280000;330000;320000;406500;413000;473500;530000;600000;707500.0;13.0;126.0;8.5
NELSON;205000;224000;203500;257500;220000;249500;255000;247500;210000;355000;410000;N/A;15.0;100.0;7.2
NERRIN/A;467500;455000;482500;522500;517500;570000;575000;617500;630000;580000;795000;670000.0;37.0;70.0;5.5
NEW GISBORNE;475000;500000;510000;498000;545000;625000;757500;695000;721500;798500;875000;895000.0;10.0;84.0;6.3
NEWBOROUGH;213500;213000;215000;220000;224500;220000;250000;255000;290000;359000;437500;375000.0;22.0;105.0;7.4
NEWCOMB;275000;280000;292000;290500;310000;375000;453500;435000;476000;584000;605000;544000.0;4.0;120.0;8.2
NEWHAVEN;360000;442500;422500;480000;457500;447500;520000;712000;505000;827500;897500;550000.0;8.0;149.0;9.6
NEWINGTON;300000;320000;341000;345000;372500;422500;465000;490000;735000;720000;668000;835000.0;-7.0;123.0;8.3
NEWLANDS ARM;325000;320000;302000;332500;380000;380000;367500;443000;470000;550000;619500;565000.0;13.0;91.0;6.7
NEWPORT;630000;695000;740000;825000;950000;1080000;1059000;1055000;1090000;1288000;1280000;1297500.0;-1.0;103.0;7.3
NEWSTEAD;252000;300000;297500;365000;362000;420000;318500;436000;470000;540000;625000;650000.0;16.0;148.0;9.5
NEWTOWN (GREATER GEELONG);527500;570000;620000;642500;712500;780000;843000;832000;945000;1175000;1220000;1061000.0;4.0;131.0;8.7
NHILL;105000;110000;125000;128000;140000;126500;149000;137000;158500;180000;211000;232500.0;17.0;101.0;7.2
NICHOLS POINT;232000;316500;304000;370000;396000;346000;470000;430000;475000;510000;661000;690000.0;30.0;185.0;11.0
NIDDRIE;666000;700000;747500;832500;910000;1095000;1070000;1070000;1000500;1246000;1305000;903000.0;5.0;96.0;7.0
NOBLE PARK;382000;400000;440000;510000;600000;680000;680000;625500;675000;752000;755000;709000.0;0.0;98.0;7.1
NOBLE PARK NORTH;370000;383000;420000;491500;563000;640000;660000;610000;655500;750000;795000;730000.0;6.0;115.0;7.9
NORLANE;206500;202500;215000;216000;236500;290000;355000;350000;372000;450000;481500;460000.0;7.0;133.0;8.8
NORTH BENDIGO;267000;271000;280000;286000;279000;302000;310000;325000;374000;460500;513000;532500.0;11.0;92.0;6.8
NORTH GEELONG;286500;277000;301000;335000;338500;422000;495000;500000;550500;600000;675000;560000.0;13.0;136.0;9.0
NORTH MELBOURNE;775000;802500;832000;943000;1200000;1380000;1185000;1375000;1150000;1313000;1305000;1080000.0;-1.0;68.0;5.3
NORTH SHORE;284000;354000;403500;561000;533000;511000;497000;552500;615000;670000;795000;1232500.0;19.0;180.0;10.9
NORTH WONTHAGGI;256000;230000;268500;274500;259500;294000;369000;389000;419000;557500;667000;661500.0;20.0;161.0;10.0
NORTHCOTE;786000;818000;935000;1008500;1190000;1325000;1345000;1307500;1413000;1655000;1656000;1690000.0;0.0;111.0;7.7
NOTTING HILL;547000;566500;660000;780000;872500;993000;957500;880000;930000;1141000;1058000;1200000.0;-7.0;94.0;6.8
NUMURKAH;200500;195000;215000;219000;195000;219000;225000;250000;239000;310000;346500;400000.0;12.0;73.0;5.6
NUN/AWADING;591500;637500;721500;880000;970000;1090000;986000;951000;1038500;1250000;1150000;1100000.0;-8.0;94.0;6.9
NYAH WEST;116500;94000;107500;146500;130000;133500;136000;85000;129000;202500;215000;266500.0;6.0;85.0;6.3
OAK PARK;540000;576500;626000;660000;822500;853500;878500;840000;911500;1150000;1155000;840500.0;0.0;114.0;7.9
OAKLEIGH;645000;753500;801500;1002000;1050000;1210000;1250000;1101000;1255000;1389500;1421000;1525000.0;2.0;120.0;8.2
OAKLEIGH EAST;610000;672000;820000;990000;983000;1195000;992500;950000;995000;1187500;1152500;884000.0;-3.0;89.0;6.6
OAKLEIGH SOUTH;590000;603000;700000;830000;890000;1030000;960000;908000;983500;1188500;1171500;1046000.0;-1.0;99.0;7.1
OCEAN GROVE;465000;459000;515000;516500;555000;637000;691000;695000;790000;975500;1136500;1012500.0;17.0;144.0;9.3
OFFICER;429000;344000;339000;375000;440000;480000;548000;540000;571000;650000;700000;700000.0;8.0;63.0;5.0
OFFICER SOUTH;N/A;N/A;N/A;N/A;N/A;283000;569500;714000;770000;703000;850000;855000.0;21.0;N/A;N/A
OLINDA;445000;496000;520000;553500;620000;705000;760000;746500;757500;1125000;935500;809500.0;-17.0;110.0;7.7
OMEO;170000;210000;190000;212500;150000;183000;183500;250000;238000;339000;385000;320000.0;14.0;126.0;8.5
ORBOST;150000;156000;150000;145000;162500;159000;165000;185500;220000;240000;344000;350000.0;43.0;129.0;8.6
ORMOND;857500;997500;1187500;1300000;1550000;1604500;1600000;1475000;1590000;1900000;1875000;1636000.0;-1.0;119.0;8.1
OSBORNE;507500;530000;540500;580000;640000;735000;757000;777500;850500;1112000;1130000;1012500.0;2.0;123.0;8.3
OUYEN;116500;75000;77500;105500;130000;130000;93000;99000;121000;155500;170000;215000.0;9.0;46.0;3.9
PAKENHAM;335000;335000;350000;367000;400000;470000;520000;485000;525000;600000;652000;638000.0;9.0;95.0;6.9
PARADISE BEACH;212500;163500;178000;188500;200000;180000;199000;200000;248000;321500;415000;N/A;29.0;95.0;6.9
PARK ORCHARDS;953000;952500;1103000;1225000;1335000;1450000;1480000;1510000;1530000;1920000;1934000;1729000.0;1.0;103.0;7.3
PARKDALE;677000;760000;860000;965000;1100000;1300000;1245000;1157500;1200500;1540000;1530000;1251500.0;-1.0;126.0;8.5
PARKVILLE;1360000;1200000;1525000;1360500;2130000;2287500;2430000;1480000;1837500;2301500;1910000;2500000.0;-17.0;40.0;3.5
PASCOE VALE;540000;580000;655000;720000;805000;891000;901000;855000;947500;1050000;1105000;897500.0;5.0;105.0;7.4
PASCOE VALE SOUTH;627500;645500;701000;745000;840000;975000;955000;950000;1006000;1299500;1140000;1085000.0;-12.0;82.0;6.2
PATTERSON GARDENS;610000;620000;672000;739000;812000;885000;890000;920000;970000;1155000;1300500;865000.0;13.0;113.0;7.9
PATTERSON LAKES;730000;645000;734000;787500;810000;1021500;1025000;924000;1100000;1308500;1494500;1361000.0;14.0;105.0;7.4
PAYNESVILLE;290000;283000;305000;305000;309000;336500;351500;346000;397000;465000;565000;516000.0;22.0;95.0;6.9
PEARCEDALE;425000;385000;445000;470000;534000;607000;660000;660000;660000;790500;815000;695000.0;3.0;92.0;6.7
PENSHURST;83000;144000;132500;191000;152000;125000;165000;165000;175000;194000;310000;245000.0;60.0;273.0;14.1
PETERBOROUGH;333000;287500;307500;296500;340000;315000;450000;419000;550000;625000;701000;N/A;12.0;111.0;7.7
PIONEER BAY;235000;200000;220000;240000;216000;271500;308000;310000;355000;354000;491500;482500.0;39.0;109.0;7.7
PLENTY;770000;773000;750000;915500;935000;1145000;1350000;1301000;1202500;1605000;1543000;1850000.0;-4.0;100.0;7.2
POINT COOK;435000;450000;445000;465000;505000;590000;630000;635000;664000;739000;780000;750000.0;6.0;79.0;6.0
POINT LONSDALE;700000;700000;707500;655000;641000;780000;840000;827500;880000;1312500;1525000;1847500.0;16.0;118.0;8.1
POOWONG;185000;215000;218000;240000;325000;293000;315000;443000;412500;422500;590000;610000.0;40.0;219.0;12.3
POREPUNKAH;285000;347000;285000;323000;330000;447000;464500;530000;615000;757500;1035000;935000.0;37.0;263.0;13.8
PORT ALBERT;235000;262500;190000;197500;218500;270000;240000;250000;315000;425000;467500;610000.0;10.0;99.0;7.1
PORT FAIRY;410000;400000;425000;447500;473500;500000;651000;620000;670000;950000;1137500;1075000.0;20.0;177.0;10.7
PORT MELBOURNE;962500;995000;917500;1252500;1380000;1485000;1488000;1400000;1595000;1805000;1646000;1735000.0;-9.0;71.0;5.5
PORT WELSHPOOL;266000;201500;244000;200000;380000;247500;295000;315000;310000;447500;510000;N/A;14.0;92.0;6.7
PORTARLINGTON;389000;390000;414500;409000;460000;515000;640000;625000;690000;829500;980000;900000.0;18.0;152.0;9.7
PORTLAND;227500;235000;210000;220000;220000;230000;234500;266000;295000;370000;450000;432500.0;22.0;98.0;7.1
PORTLAND NORTH;226500;300000;248000;330000;340000;360000;367500;276000;507000;470000;560000;750000.0;19.0;147.0;9.5
PORTSEA;1398000;1195000;1305000;1800000;1701000;1925000;2180000;1950000;2530000;3765000;3850000;3500000.0;2.0;175.0;10.7
PRAHRAN;932500;990000;1175000;1350000;1430000;1525000;1578000;1520000;1650000;1831000;1800000;1540000.0;-2.0;93.0;6.8
PRESTON;580000;632500;690000;791000;882000;996000;980000;940000;1026000;1251000;1158000;1079000.0;-7.0;100.0;7.2
PRINCES HILL;928500;1216500;1210000;1280000;1555000;1767500;1650000;2035000;1600000;1992500;1892500;1620000.0;-5.0;104.0;7.4
PYRAMID HILL;100000;112500;117000;112500;112500;112500;100000;120000;117500;128000;230000;210000.0;80.0;130.0;8.7
QUAMBATOOK;N/A;134000;79000;66500;105000;135000;93500;90500;110000;150000;157000;295000.0;5.0;0.0;N/A
QUARRY HILL;300000;385000;355000;377500;349000;362000;407500;395000;430000;540500;613500;538500.0;14.0;105.0;7.4
QUEENSCLIFF;697500;630000;695000;700000;795000;763000;950000;950000;969000;1372000;1725000;776000.0;26.0;147.0;9.5
RAINBOW;69000;62000;77000;68000;59500;82500;99000;75000;82000;112000;141000;152500.0;26.0;104.0;7.4
RAWSON;141500;160500;100000;147000;151000;146500;164000;156000;217500;330000;337000;295000.0;2.0;138.0;9.1
RAYMOND ISLAND;310000;297500;280000;285000;330000;289500;360000;300000;416500;450000;492500;505000.0;9.0;59.0;4.7
RED CLIFFS;154000;163000;151500;175000;165000;223500;211500;217500;270000;311000;325000;334000.0;5.0;111.0;7.8
RED HILL;585000;515000;675000;645000;677500;815000;930000;860000;900000;1550000;1930000;N/A;25.0;230.0;12.7
REDAN;235000;250000;245000;246500;255000;287500;330000;357000;389000;455000;515000;440000.0;13.0;119.0;8.2
RESEARCH;622500;605500;685000;686000;825500;950000;915000;937500;1178000;1201000;1395000;N/A;16.0;124.0;8.4
RESERVOIR;468500;510000;541000;615000;710000;812500;790000;754000;795000;945000;940000;815000.0;-1.0;101.0;7.2
RHYLL;400000;393000;482000;402000;460000;527500;657500;565000;579000;757500;925000;737500.0;22.0;131.0;8.7
RICHMOND;823000;900000;961000;1150000;1265000;1302500;1311000;1260000;1365000;1482500;1396500;1340000.0;-6.0;70.0;5.4
RIDDELLS CREEK;380000;450000;417500;456500;500000;580000;675000;710000;680000;880000;865000;757500.0;-2.0;128.0;8.6
RINGWOOD;503500;552000;660000;777500;837500;910500;896500;801000;900000;1018000;1036500;1047500.0;2.0;106.0;7.5
RINGWOOD EAST;490000;547000;612000;750000;806000;901000;881000;809000;866000;1050000;975000;1025000.0;-7.0;99.0;7.1
RINGWOOD NORTH;564000;630500;662000;783500;844000;960500;920000;870000;957500;1183000;1200000;980000.0;1.0;113.0;7.8
RIPPLESIDE;414000;585000;530000;644000;739000;725000;750000;825000;862000;1100000;1190000;749000.0;8.0;188.0;11.1
RIPPONLEA;1055000;985000;1000000;1360000;1700000;1787500;1564000;1350000;2001000;1892500;1530000;1747500.0;-19.0;45.0;3.8
ROBINVALE;176000;152500;160000;184500;170000;197000;220000;231500;235000;340000;315000;280000.0;-7.0;79.0;6.0
ROCHESTER;210000;189500;215000;235000;239000;242500;236000;255000;237000;350000;432500;250000.0;24.0;106.0;7.5
ROCKBANK;262000;309000;280000;300000;347000;455000;500000;497000;465000;567500;622500;620000.0;10.0;138.0;9.0
ROMSEY;367500;387500;396000;420000;428000;470000;550000;580500;630000;780000;839000;757500.0;8.0;128.0;8.6
ROSANN/A;652500;717500;781500;905000;980000;1175000;1100000;1032500;1122500;1388000;1215000;1170000.0;-12.0;86.0;6.4
ROSEBUD;350000;367000;365000;389000;445000;536000;590000;550000;595000;780000;812500;710500.0;4.0;132.0;8.8
ROSEBUD SOUTH;450000;425000;500000;515000;545000;647500;711500;697000;675000;951000;1085000;1110000.0;14.0;141.0;9.2
ROSEDALE;208500;215000;215000;197000;230000;247000;280000;247000;250000;365000;420000;371500.0;15.0;102.0;7.3
ROWVILLE;530000;570000;617500;710000;778000;867000;838000;815500;838000;1000500;1080000;1050000.0;8.0;104.0;7.4
ROXBURGH PARK;355000;365000;385000;400000;435000;515000;546000;543000;572500;615000;652000;670000.0;6.0;84.0;6.3
RUPANYUP;127000;75000;105000;53500;75000;63500;87000;100500;90000;118000;195000;128000.0;65.0;54.0;4.4
RUSHWORTH;190000;161000;158000;177000;200000;192500;198000;205000;226000;301000;352500;272500.0;17.0;86.0;6.4
RUTHERGLEN;235000;232000;195000;230000;255000;262000;270000;282500;350000;402500;486500;595000.0;21.0;107.0;7.6
RYE;422000;425000;460000;488000;550000;658000;705000;690000;793500;1100000;1192500;1055000.0;8.0;183.0;10.9
SAFETY BEACH;551000;515000;516500;595000;665000;780000;825000;810000;897500;1117000;1250000;1340000.0;12.0;127.0;8.5
SAILORS GULLY;257500;253000;262500;235000;225000;232000;290000;280000;300000;390000;539000;457500.0;38.0;109.0;7.7
SALE;274500;290000;300000;298000;295500;300000;309500;325000;345000;399000;490000;450000.0;23.0;79.0;6.0
SAN REMO;402500;410000;407000;420000;460000;497000;515000;554500;597500;857500;1020000;1040000.0;19.0;153.0;9.7
SANCTUARY LAKES;512500;480000;485000;570000;503000;629000;627500;625000;653500;715000;750000;723000.0;5.0;46.0;3.9
SANDHURST;511500;545000;549000;617500;678500;730000;837500;812500;780000;950000;1009000;929000.0;6.0;97.0;7.0
SANDRINGHAM;1175000;1210000;1305000;1490000;1760000;1862500;1850000;1665000;1850000;2395000;2384000;2090500.0;0.0;103.0;7.3
SANDY POINT;355000;352500;380000;370000;359000;407500;410000;410000;517500;755000;820000;805000.0;9.0;131.0;8.7
SASSAFRAS;397500;632500;556000;562000;653500;775500;750000;805000;770000;860000;1020000;N/A;19.0;157.0;9.9
SAWMILL SETTLEMENT;207000;259000;205500;233000;350000;270000;285000;441000;400000;560000;637500;550000.0;14.0;208.0;11.9
SCORESBY;480000;509000;570000;661000;700000;878500;835000;766500;785000;951500;970500;895000.0;2.0;102.0;7.3
SEA LAKE;65000;80000;75000;90000;75000;70000;110000;100000;106500;125000;173000;99500.0;38.0;166.0;10.3
SEABROOK;403500;422500;402500;456000;509000;635000;672500;626500;652500;730000;755000;750000.0;3.0;87.0;6.5
SEAFORD;392500;419500;450000;475000;580500;700000;695000;655000;700000;850000;880000;796500.0;4.0;124.0;8.4
SEAHOLME;600000;640000;670000;802500;872500;1157500;1015000;1020000;937500;1209500;1120000;N/A;-7.0;87.0;6.4
SEASPRAY;192500;152000;164000;240000;175000;215000;210000;265000;260000;335000;390000;472500.0;16.0;103.0;7.3
SEBASTOPOL;239000;242000;235500;244500;247500;256000;289000;315000;341000;420000;482500;460000.0;15.0;102.0;7.3
SEDDON;670000;675000;730000;830000;934500;982500;1018500;960000;1100000;1244000;1050000;1215000.0;-16.0;57.0;4.6
SELBY;410000;420000;420000;469500;527500;600000;637500;601500;720000;904500;787500;627500.0;-13.0;92.0;6.7
SEVILLE;380000;400000;397500;450000;511500;611500;634500;630000;626000;775000;812500;940000.0;5.0;114.0;7.9
SEVILLE EAST;342500;339500;350000;395000;440000;482500;551500;580000;600000;720000;700000;907500.0;-3.0;104.0;7.4
SEYMOUR;220000;220000;213000;225000;242500;277000;295000;300000;325000;390000;450000;520000.0;15.0;105.0;7.4
SHEPPARTON;240000;247000;243000;250000;265000;261000;275000;282000;310000;370000;430000;450000.0;16.0;79.0;6.0
SHEPPARTON NORTH;284000;346000;375000;348000;361000;347000;334000;393000;379000;425000;616000;N/A;45.0;117.0;8.1
SHOREHAM;618000;607000;620000;903000;868500;970000;1160000;1400000;1077000;1767500;2180000;1483500.0;23.0;253.0;13.4
SILVERLEAVES;505000;508000;460500;484000;446500;515000;721000;618500;775000;982000;990500;1150000.0;1.0;96.0;7.0
SKENES CREEK;532500;465000;435000;491500;520000;517000;580000;667500;815000;952500;1270000;1155000.0;33.0;138.0;9.1
SKIPTON;149000;155000;117500;137000;169000;187500;159500;200000;219500;270000;360000;320000.0;33.0;142.0;9.2
SKYE;390000;395000;413000;430000;479000;570000;611000;597500;610000;742500;770000;730500.0;4.0;97.0;7.0
SMITHS BEACH;430000;372500;390000;455000;470000;458500;589000;624500;695000;837000;980000;1075000.0;17.0;128.0;8.6
SMYTHES CREEK;N/A;N/A;380000;380000;380000;380000;426500;430000;440500;525000;590000;N/A;12.0;N/A;N/A
SMYTHESDALE;207500;260000;207500;225000;250000;315000;290000;342500;475000;522500;550000;532500.0;5.0;165.0;10.3
SOLDIERS HILL;292500;283000;341000;310000;374000;423500;447500;480000;557500;568000;700000;625000.0;23.0;140.0;9.1
SOMERS;692500;657500;755000;696500;755500;820000;888500;950000;980000;1707000;1765000;1542500.0;3.0;155.0;9.8
SOMERVILLE;360000;385000;395000;425000;465000;580000;615000;600000;640000;780000;811000;750000.0;4.0;125.0;8.5
SORRENTO;730000;770000;795000;859000;1130000;1300000;1380000;1470000;1665000;2207500;2355000;2262500.0;7.0;223.0;12.4
SOUTH GEELONG;430000;420500;470000;425000;495000;650000;676000;702500;835000;1000000;970000;850000.0;-3.0;126.0;8.5
SOUTH KINGSVILLE;610000;619500;671000;742000;903000;980000;1000000;859000;992000;1100000;972500;N/A;-12.0;59.0;4.8
SOUTH MELBOURNE;930000;1030000;1200000;1310000;1595000;1532500;1465000;1355000;1580000;1710000;1850000;2045000.0;8.0;99.0;7.1
SOUTH MORANG;420000;415000;420000;450000;502000;610500;634500;625500;636000;728000;765000;710000.0;5.0;82.0;6.2
SOUTH YARRA;1238000;1352500;1450000;1700000;1890000;2035000;1851000;1850000;2059000;2353000;1937500;2700000.0;-18.0;57.0;4.6
SPOTSWOOD;655000;680000;640000;795000;917500;1027500;1080000;950000;985000;1260000;1260000;1360000.0;0.0;92.0;6.8
SPRING GULLY;340000;345000;350000;350000;350000;390000;400000;386500;440000;552500;610000;580000.0;10.0;79.0;6.0
SPRINGVALE;448000;451500;530000;629500;685000;750000;780000;746500;785000;854000;885000;832000.0;4.0;98.0;7.0
SPRINGVALE SOUTH;408000;430000;475000;562000;630000;720000;720000;679000;725000;800000;817500;771000.0;2.0;100.0;7.2
ST ALBANS;348000;350000;373500;428000;500000;610000;626500;594000;600000;675000;680500;650000.0;1.0;96.0;6.9
ST ALBANS PARK;307500;335000;330000;329000;331000;379000;450000;422000;455000;600000;651000;587500.0;9.0;112.0;7.8
ST ANDREWS BEACH;714000;480000;495000;560000;695000;855000;902500;930000;1207500;1745500;1582500;1550000.0;-9.0;122.0;8.3
ST ARN/AUD;123000;140000;145000;141000;142500;145000;145000;175000;170000;225000;310000;272500.0;38.0;152.0;9.7
ST HELEN/A;550500;612500;623000;711000;800000;893500;910000;905000;930000;1137500;1202500;1134000.0;6.0;118.0;8.1
ST KILDA;861000;892000;1225000;1164000;1305000;1551000;1755000;1600000;1330000;1680000;1635000;1116500.0;-3.0;90.0;6.6
ST KILDA EAST;993000;1050500;1037500;1382500;1677500;1460000;1620000;1560500;1650000;1840000;1770000;1314000.0;-4.0;78.0;6.0
ST KILDA WEST;1262500;1142500;2235000;2013000;1797000;2380000;1942500;2465000;2630000;3300000;2505000;4000000.0;-24.0;98.0;7.1
ST LEON/ARDS;363000;350000;357000;375000;421500;469000;571500;562500;572000;705000;805000;765000.0;14.0;122.0;8.3
STANHOPE;175000;150000;131000;152500;147000;181000;161500;187500;201500;255000;217000;397000.0;-15.0;24.0;2.2
STAWELL;167000;162500;172500;177000;177000;188000;190000;189000;227000;290000;352500;325000.0;22.0;111.0;7.8
STRATFORD;267500;230000;261500;260500;272500;265000;258000;316500;320000;397500;472000;504000.0;19.0;77.0;5.9
STRATHDALE;361000;392500;380000;410500;445000;380000;420000;451000;507000;640000;671500;765000.0;5.0;86.0;6.4
STRATHFIELDSAYE;359000;377000;397500;408000;425000;455000;444000;476500;535000;636000;705000;685000.0;11.0;96.0;7.0
STRATHMERTON;164500;166000;172500;190000;182500;140000;187500;195000;205000;265000;325000;320000.0;23.0;98.0;7.0
STRATHMORE;800000;827500;865000;997500;1140000;1230000;1357500;1310000;1360000;1591000;1605000;1200000.0;1.0;101.0;7.2
STRATHMORE HEIGHTS;605000;621000;640000;700000;808000;970000;885000;800000;835000;962500;952500;1102500.0;-1.0;57.0;4.6
STRATHTULLOH;191000;350000;440000;425000;430000;359000;425000;507500;522500;585500;629500;593000.0;8.0;230.0;12.7
STUDFIELD;480500;532500;617500;785000;853000;957500;906000;811000;836000;1027500;955000;1280000.0;-7.0;99.0;7.1
SUNBURY;350000;355000;360000;370000;395000;492000;546000;533500;570000;646500;670000;637500.0;4.0;91.0;6.7
SUNDERLAND BAY;265000;324500;333000;287000;360000;357500;455000;413500;525000;717000;677500;642500.0;-6.0;156.0;9.8
SUNNYCLIFFS;194000;195000;247500;150000;220000;228000;218000;229500;230000;326500;291000;382500.0;-11.0;50.0;4.1
SUNSET STRIP;286500;301500;310000;301500;340000;345000;390000;460000;511000;602500;754000;737000.0;25.0;163.0;10.2
SUNSHINE;400000;435000;483500;530500;675000;765000;742000;720000;750000;870000;855000;695000.0;-2.0;114.0;7.9
SUNSHINE NORTH;395000;400000;425500;495000;560000;653000;673500;647000;690000;720000;750000;730000.0;4.0;90.0;6.6
SUNSHINE WEST;375000;384500;395000;450000;520000;639000;635000;635000;657000;745000;751500;638000.0;1.0;100.0;7.2
SURF BEACH;350000;375000;360000;355000;414000;425000;480000;525000;559000;706500;890000;799000.0;26.0;154.0;9.8
SURREY HILLS;1121500;1323000;1450000;1750000;1800500;2170000;1900000;1890000;1880000;2310000;2320000;2270000.0;0.0;107.0;7.5
SWAN HILL;225000;225000;230000;248000;262500;252000;267000;285000;319500;362000;405000;412000.0;12.0;80.0;6.1
SWAN REACH;334000;230000;276000;331000;455000;350000;370000;450000;430000;562000;690500;653000.0;23.0;107.0;7.5
SYDENHAM;415000;425000;415000;440000;505000;590000;620000;595000;635000;693500;707500;700000.0;2.0;70.0;5.5
SYNDAL;778000;950500;1160000;1505000;1410000;1585000;1530000;1499000;1570000;1787500;1867500;1400000.0;4.0;140.0;9.2
TALLANGATTA;185000;154000;200000;233000;216000;275000;245000;257500;280000;350000;436000;401500.0;25.0;136.0;9.0
TANGAMBALANGA;177500;265000;245000;219500;276000;172500;292000;282500;459000;502500;576000;416000.0;15.0;225.0;12.5
TARNEIT;356000;371000;395000;400000;445000;515000;570000;550000;570000;602500;650000;651000.0;8.0;83.0;6.2
TATURA;229500;230000;237500;233000;228000;262000;250000;276500;303500;357500;450000;460000.0;26.0;96.0;7.0
TAWONGA;231000;310000;375000;235000;275000;265000;354000;460000;425000;459000;620000;N/A;35.0;168.0;10.4
TAWONGA SOUTH;255000;219500;235000;257500;298000;254000;310000;422500;380000;545000;641000;640000.0;18.0;151.0;9.7
TAYLORS HILL;480000;487500;510000;530000;600000;686000;723000;702000;754000;840000;908000;897500.0;8.0;89.0;6.6
TAYLORS LAKES;477500;490000;510000;561500;635000;720000;763500;750000;777500;883500;935000;820000.0;6.0;96.0;7.0
TECOMA;412000;415000;478000;510000;601500;709000;700000;662500;742500;920000;837500;737500.0;-9.0;103.0;7.4
TEMPLESTOWE;811000;865000;951500;1180000;1260000;1415000;1308000;1292500;1381500;1603000;1621500;1450000.0;1.0;100.0;7.2
TEMPLESTOWE LOWER;670000;750000;830000;1060000;1105500;1302000;1150000;1080000;1189000;1430000;1390000;1580000.0;-3.0;107.0;7.6
TERANG;155000;161500;195000;206500;150000;188500;194000;188500;232500;309000;365000;401500.0;18.0;135.0;8.9
THE BASIN;410000;430000;463500;550000;595000;610000;682500;695000;739000;875000;853000;857000.0;-3.0;108.0;7.6
THE HONEYSUCKLES;215000;214000;190000;160000;237000;265000;290000;336000;315000;477500;485000;592500.0;2.0;126.0;8.5
THE PATCH;417500;393500;486500;505000;570500;665000;730000;755000;760000;882500;872000;N/A;-1.0;109.0;7.6
THOMASTOWN;365000;390000;420000;437000;493000;654000;636000;592000;620000;720000;710000;680000.0;-1.0;95.0;6.9
THOMSON (GREATER GEELONG);273500;282000;290000;290000;308500;365000;411000;400500;435000;585000;575000;552000.0;-2.0;110.0;7.7
THORNBURY;715500;729000;840000;918000;1079500;1225000;1137500;1150000;1250000;1500000;1455000;1250000.0;-3.0;103.0;7.4
THORNHILL PARK;N/A;N/A;N/A;N/A;441000;447000;578000;535000;540000;565000;600000;632500.0;6.0;N/A;N/A
TIMBOON;212500;184000;210000;240000;215000;220000;247000;260000;412500;425000;440000;558000.0;4.0;107.0;7.5
TONGALA;175000;185000;179000;165000;204000;200000;275000;234500;236500;305000;377000;440000.0;24.0;115.0;8.0
TOONGABBIE;212500;234000;261500;235000;315000;286500;280500;270000;320000;445000;525000;557500.0;18.0;147.0;9.5
TOORA;210000;171500;155000;230000;195000;190000;241500;275000;300000;430000;430000;460000.0;0.0;105.0;7.4
TOORADIN;380000;420000;480000;471000;411000;599000;702000;700000;755000;800000;910000;810000.0;14.0;139.0;9.1
TOORAK;2775000;2875000;3391000;3987500;4900000;5100000;4700000;4550000;5500000;6320000;6200000;3930000.0;-2.0;123.0;8.4
TOOTGAROOK;390000;387000;402500;405000;460000;591000;600500;586000;671000;874000;950000;825000.0;9.0;144.0;9.3
TORQUAY;565000;580000;580000;620000;665000;720000;810000;815000;870000;1200000;1340000;1300000.0;12.0;137.0;9.0
TRAFALGAR;285000;283000;311000;310000;312500;333500;375000;396500;435000;485000;590000;455000.0;22.0;107.0;7.5
TRARALGON;260000;269000;275000;273000;268000;288500;298000;326500;340000;408000;484000;449000.0;19.0;86.0;6.4
TRARALGON EAST;402500;435000;440000;432500;445000;455000;425000;470000;501500;640000;722000;785000.0;13.0;79.0;6.0
TRAVANCORE;810000;905000;848000;1100000;1305000;1415000;1475000;1125000;1617500;1800000;1455000;900000.0;-19.0;80.0;6.0
TRENTHAM;331500;407500;340000;422500;455000;475000;603000;614000;632500;825000;1037500;640000.0;26.0;213.0;12.1
TRUGANIN/A;341500;360000;390000;391000;430000;519500;570000;575000;580000;616000;657500;625000.0;7.0;93.0;6.8
TULLAMARINE;393500;395000;412000;472500;530000;655000;665500;612000;640000;757500;760000;730000.0;0.0;93.0;6.8
TYABB;372500;370500;366000;395000;430000;510500;548000;586500;590000;736000;785000;745000.0;7.0;111.0;7.7
UNDERBOOL;28000;85000;75000;25000;62500;60000;62500;39000;62000;99000;N/A;N/A;N/A;257.0;15.2
UPPER FERNTREE GULLY;410000;435000;500000;515000;582000;685000;700000;642500;735000;865000;885000;723000.0;2.0;116.0;8.0
UPWEY;422500;425000;476000;515000;585000;680000;710000;702500;760500;899000;890000;810000.0;-1.0;111.0;7.7
VENTNOR;363500;370000;377500;423500;420000;465000;490000;540000;619500;770000;867500;865000.0;13.0;139.0;9.1
VENUS BAY;238500;242500;237000;236000;258000;262500;305000;330000;375000;579500;675000;590000.0;16.0;183.0;11.0
VERMONT;571000;610000;725000;855000;900000;1065000;980000;935500;1000000;1226500;1200000;1200000.0;-2.0;110.0;7.7
VERMONT SOUTH;654500;722500;815000;1000000;1082500;1200500;1150000;1165000;1200000;1420000;1419000;1525000.0;0.0;117.0;8.0
VIEWBANK;589000;630000;725000;829500;920000;1000000;933000;920000;985000;1238000;1220000;1083000.0;-1.0;107.0;7.6
VIOLET TOWN;204500;215000;199500;200000;238500;217000;242500;287500;328500;381500;385000;530000.0;1.0;88.0;6.5
WAHGUNYAH;244000;190000;213500;267000;290000;270000;240000;355000;320000;387000;530000;625000.0;37.0;117.0;8.1
WALKERVILLE;280000;279000;230000;246000;283500;275000;266500;334500;350000;461000;559000;863500.0;21.0;100.0;7.2
WALLAN;335000;341500;356000;362000;375000;425000;490000;480000;520000;580000;630000;600000.0;9.0;88.0;6.5
WALLAN EAST;317000;310000;306500;309500;352500;410000;500000;452500;492500;576000;610000;563500.0;6.0;92.0;6.8
WANDAN/A HEIGHTS;557500;540000;582000;590000;592500;645000;700000;766500;827000;925000;1135000;932500.0;23.0;104.0;7.4
WANDIN NORTH;379000;407500;439500;480000;496500;665000;665000;630000;715000;765000;805000;850000.0;5.0;112.0;7.8
WANDONG;335000;397500;332000;297500;400000;492500;494000;452500;640000;700000;719000;775000.0;3.0;115.0;7.9
WANGARATTA;240000;240000;255000;272000;270500;270000;320000;319000;356500;425000;530000;460000.0;25.0;121.0;8.2
WANTIRN/A;515000;576000;667500;764000;801000;953000;906500;850000;907000;1065000;1102500;1053000.0;4.0;114.0;7.9
WANTIRN/A SOUTH;542500;579000;676500;829000;875000;1005000;1000000;988500;1015000;1223500;1225000;1210000.0;0.0;126.0;8.5
WARBURTON;300000;310000;315000;325000;366000;418000;495000;512500;543000;675000;733500;742500.0;9.0;144.0;9.3
WARNEET;284000;337000;355000;395000;390000;485000;534000;512500;600000;666000;719000;651000.0;8.0;153.0;9.7
WARRACKN/ABEAL;105000;107500;110000;110000;123500;113000;112500;118000;141000;180000;228500;235000.0;27.0;117.0;8.1
WARRAGUL;300000;315000;320000;342000;340000;365000;449000;460000;498000;581000;652000;616500.0;12.0;117.0;8.1
WARRANDYTE;620000;640000;760000;829000;890000;1042500;1110000;994000;996000;1285000;1300000;1380000.0;1.0;110.0;7.7
WARRANWOOD;654000;603000;665000;790000;865000;943500;1010000;935000;957000;1145000;1345000;1152500.0;17.0;106.0;7.5
WARRN/AMBOOL;316500;325000;323000;330000;320000;330000;350000;370000;415000;520000;602000;595000.0;16.0;90.0;6.6
WATERWAYS;682000;667000;845000;902000;1050000;1127500;1110000;1270000;1408000;1445000;1475000;1275000.0;2.0;116.0;8.0
WATSONIA;462000;505000;555000;607500;698000;835000;795000;736000;790000;980000;908500;751000.0;-7.0;97.0;7.0
WATSONIA NORTH;462000;510000;572500;635000;702500;790000;770000;726500;795000;962500;897500;872000.0;-7.0;94.0;6.9
WATTLE GLEN;527000;475000;500500;569000;580000;620000;810000;778500;810000;924000;950000;N/A;3.0;80.0;6.1
WAURN PONDS;452500;446500;470000;480000;501000;530000;621500;641500;671000;727500;801500;752000.0;10.0;77.0;5.9
WEDDERBURN;122500;154000;137500;110000;150000;155000;130000;138500;150000;179000;310000;357500.0;73.0;153.0;9.7
WEIR VIEWS;407000;327500;388000;389000;418000;440000;470000;465000;495500;530000;579000;576000.0;9.0;42.0;3.6
WELSHPOOL;190000;166000;193000;272500;180000;230000;259000;300000;242500;380000;425000;N/A;12.0;124.0;8.4
WENDOUREE;236500;243000;247000;250000;252500;267500;326000;335000;370000;465000;497500;470000.0;7.0;111.0;7.7
WENDOUREE WEST;167500;190000;165000;207500;185000;200000;245000;259000;300000;380000;390000;365000.0;3.0;133.0;8.8
WERRIBEE;300000;309000;315000;335000;403000;470000;510000;500000;516000;570000;614000;587000.0;8.0;105.0;7.4
WERRIBEE SOUTH;440000;538000;585000;680000;540000;650000;735000;744500;650000;822500;855000;856000.0;4.0;94.0;6.9
WESBURN;290000;312500;288500;395000;455000;455000;463500;530000;532000;665000;661000;707500.0;-1.0;128.0;8.6
WEST BENDIGO;205000;259000;355000;293500;270000;215000;269500;241500;363500;575000;565000;370000.0;-2.0;176.0;10.7
WEST FOOTSCRAY;532500;553000;637500;697000;798000;887500;875000;785000;835000;1050000;960500;915000.0;-9.0;80.0;6.1
WEST MELBOURNE;720000;905000;916000;1005000;1104500;1350000;1370000;1017500;1215000;1290000;1387500;1055000.0;8.0;93.0;6.8
WEST WODONGA;267500;272500;296000;306000;308500;321000;322000;342500;370000;428000;515000;549000.0;20.0;93.0;6.8
WESTALL;479000;513500;550000;610000;696000;780000;800000;744500;739000;855000;891500;842500.0;4.0;86.0;6.4
WESTGARTH;840000;920000;1100000;1300000;1500000;1383000;1707500;1492500;1566000;2075000;1912500;1900000.0;-8.0;128.0;8.6
WESTMEADOWS;377500;386500;419000;470000;500000;566000;620000;620000;605000;716000;694000;670000.0;-3.0;84.0;6.3
WHEELERS HILL;669000;740000;805000;999000;1050000;1160000;1118500;1010000;1173500;1371000;1440000;1524000.0;5.0;115.0;8.0
WHITE HILLS;275000;280000;306000;297500;305000;300000;313500;330000;355000;470000;510000;460000.0;9.0;85.0;6.4
WHITTINGTON;252000;259000;262000;280000;265000;316500;395000;377500;408000;485000;532500;535000.0;10.0;111.0;7.8
WHITTLESEA;365000;375000;375000;400000;448500;469500;577500;581000;610000;675000;740000;712500.0;10.0;103.0;7.3
WILLIAMS LANDING;450000;470000;450000;510000;530000;600000;685000;657000;680000;760000;795000;812500.0;5.0;77.0;5.9
WILLIAMSTOWN;901000;920000;970000;1120000;1282500;1440000;1415000;1350000;1402500;1638500;1662500;1390000.0;1.0;85.0;6.3
WILLIAMSTOWN NORTH;680000;768000;803500;862500;1135500;1003000;880000;965000;905000;1250000;1021500;N/A;-18.0;50.0;4.2
WILLOW GROVE;230000;235000;172500;135000;195000;230000;280000;388000;427500;427500;452500;N/A;6.0;97.0;7.0
WIMBLEDON HEIGHTS;290000;271500;310000;291500;299000;334000;410000;386500;435000;592000;670000;620000.0;13.0;131.0;8.7
WINCHELSEA;268500;287000;287500;262000;267000;357000;391000;430000;480000;552500;640000;560000.0;16.0;138.0;9.1
WINDSOR;818000;835000;956500;1094000;1505000;1420000;1422500;1350000;1350000;1645000;1650000;1399000.0;0.0;102.0;7.3
WINTER VALLEY;353500;344500;360000;365000;362500;375000;405000;435000;470000;573500;624000;582500.0;9.0;77.0;5.8
WODONGA;255500;282500;295000;295000;315000;341500;350000;331500;348000;439500;520000;497500.0;18.0;104.0;7.4
WOLLERT;410000;400000;395000;432000;460000;520000;538000;570000;575000;630000;710000;661000.0;13.0;73.0;5.6
WONGA PARK;622500;674500;673500;735000;801000;962500;1150000;1102000;1077500;1248000;1415000;1140000.0;13.0;127.0;8.6
WONTHAGGI;229000;225000;251000;262000;265000;289000;339000;375000;405000;550000;610000;577500.0;11.0;167.0;10.3
WOODEND;430000;470000;460000;482500;460000;560000;665000;747500;765000;895000;875000;865000.0;-2.0;103.0;7.4
WOOLAMAI WATERS;350000;349000;381500;340000;375000;418000;469500;495500;560000;762500;870000;750500.0;14.0;149.0;9.5
WOORI YALLOCK;315000;330000;317000;358000;391500;480000;520000;510000;552000;635000;670000;622500.0;6.0;113.0;7.8
WURRUK;235000;285000;222000;230000;259500;235000;310000;210000;267000;352500;430000;405000.0;22.0;83.0;6.2
WY YUNG;325000;285000;285000;290000;333500;328000;315000;349000;370000;453000;492500;431500.0;9.0;52.0;4.2
WYCHEPROOF;96500;95000;103000;100000;82500;100000;124500;141500;131000;170000;185000;218000.0;9.0;92.0;6.8
WYNDHAM VALE;286500;288000;306000;325000;365000;435500;474000;460500;480000;530000;580000;555000.0;9.0;102.0;7.3
YACKANDANDAH;272500;327500;318000;300000;392500;445500;472500;497500;490000;669000;670000;635000.0;0.0;146.0;9.4
YALLAMBIE;471000;532500;580000;665000;713500;781000;810000;792500;832500;990000;1023000;925500.0;3.0;117.0;8.1
YALLOURN NORTH;161000;135000;149500;153000;165500;180000;172000;191000;206000;263000;325000;347500.0;24.0;102.0;7.3
YARRA GLEN;395000;420000;460000;530000;540000;620000;670000;670000;732500;850500;795000;781500.0;-7.0;101.0;7.2
YARRA JUNCTION;397000;406500;357500;417500;422500;535000;562500;582500;595000;687000;710000;693000.0;3.0;79.0;6.0
YARRAGON;266000;258000;297000;284000;300000;280000;390000;410000;414000;582500;595000;697500.0;2.0;124.0;8.4
YARRAM;215000;190000;202500;245000;230000;225000;218000;240000;260000;360000;462500;387500.0;28.0;115.0;8.0
YARRAVILLE;613000;696000;710000;810000;900500;1000000;1045000;971000;1033000;1195000;1205000;1070000.0;1.0;97.0;7.0
YARRAWONGA;300000;302500;297000;300500;320000;324500;345000;375000;456500;565000;665000;591000.0;18.0;122.0;8.3
YEA;255000;260000;255000;260000;305000;385000;390000;435500;422500;570000;617500;420000.0;8.0;142.0;9.2
YINN/AR;221500;220000;240000;182500;230000;270000;245000;255000;292500;465000;550500;587500.0;18.0;148.0;9.5
